Mouse ID,Timepoint,Tumor Volume (mm3),Metastatic Sites,,UID,COUNTIFS
a203,0,45,0,,a203_0,FALSE
a203,5,48.5084684,0,,a203_5,FALSE
a203,10,51.8524372,1,,a203_10,FALSE
a203,15,52.7778705,1,,a203_15,FALSE
a203,20,55.17333648,1,,a203_20,FALSE
a203,25,56.79320832,1,,a203_25,FALSE
a203,30,59.52319728,1,,a203_30,FALSE
a203,35,61.93165007,2,,a203_35,FALSE
a203,40,63.59349002,2,,a203_40,FALSE
a203,45,67.97341878,2,,a203_45,FALSE
a251,0,45,0,,a251_0,FALSE
a251,5,46.98212719,0,,a251_5,FALSE
a251,10,48.59117901,1,,a251_10,FALSE
a251,15,50.53445603,1,,a251_15,FALSE
a251,20,54.46259376,1,,a251_20,FALSE
a251,25,57.4146457,1,,a251_25,FALSE
a251,30,59.86124129,1,,a251_30,FALSE
a251,35,60.90388455,1,,a251_35,FALSE
a251,40,63.09507565,1,,a251_40,FALSE
a251,45,65.52574285,1,,a251_45,FALSE
a262,0,45,0,,a262_0,FALSE
a262,5,48.71756819,1,,a262_5,FALSE
a262,10,49.59518129,1,,a262_10,FALSE
a262,15,53.82797367,2,,a262_15,FALSE
a262,20,57.01331331,2,,a262_20,FALSE
a262,25,60.13186217,2,,a262_25,FALSE
a262,30,64.95809178,3,,a262_30,FALSE
a262,35,66.56196302,4,,a262_35,FALSE
a262,40,69.59273198,4,,a262_40,FALSE
a262,45,70.71762058,4,,a262_45,FALSE
a275,0,45,0,,a275_0,FALSE
a275,5,46.79525728,0,,a275_5,FALSE
a275,10,47.37134328,0,,a275_10,FALSE
a275,15,49.73440359,0,,a275_15,FALSE
a275,20,50.51343652,1,,a275_20,FALSE
a275,25,53.57606417,1,,a275_25,FALSE
a275,30,54.44471317,2,,a275_30,FALSE
a275,35,56.35353804,2,,a275_35,FALSE
a275,40,60.92153868,3,,a275_40,FALSE
a275,45,62.99935619,3,,a275_45,FALSE
a366,0,45,0,,a366_0,FALSE
a366,5,48.95136773,0,,a366_5,FALSE
a366,10,53.52399007,0,,a366_10,FALSE
a366,15,55.26558163,0,,a366_15,FALSE
a366,20,57.28598742,0,,a366_20,FALSE
a366,25,59.01172817,0,,a366_25,FALSE
a366,30,63.44068627,1,,a366_30,FALSE
a401,0,45,0,,a401_0,FALSE
a401,5,46.11198591,0,,a401_5,FALSE
a401,10,47.7259374,1,,a401_10,FALSE
a401,15,49.93472542,1,,a401_15,FALSE
a401,20,52.20451136,2,,a401_20,FALSE
a401,25,54.20983551,3,,a401_25,FALSE
a401,30,55.91016159,3,,a401_30,FALSE
a401,35,60.34714467,3,,a401_35,FALSE
a401,40,61.76860538,4,,a401_40,FALSE
a401,45,66.79415599,4,,a401_45,FALSE
a411,0,45,0,,a411_0,FALSE
a411,5,45.46667714,0,,a411_5,FALSE
a411,10,40.75978762,1,,a411_10,FALSE
a411,15,41.48416885,1,,a411_15,FALSE
a411,20,38.08737318,1,,a411_20,FALSE
a411,25,38.7014384,1,,a411_25,FALSE
a411,30,39.13073724,1,,a411_30,FALSE
a411,35,39.71723589,1,,a411_35,FALSE
a411,40,40.25881765,1,,a411_40,FALSE
a411,45,38.4076183,1,,a411_45,FALSE
a444,0,45,0,,a444_0,FALSE
a444,5,44.00597487,0,,a444_5,FALSE
a444,10,44.51255951,0,,a444_10,FALSE
a444,15,43.00127957,0,,a444_15,FALSE
a444,20,41.71461874,0,,a444_20,FALSE
a444,25,42.29139437,0,,a444_25,FALSE
a444,30,42.78627835,0,,a444_30,FALSE
a444,35,41.73595083,0,,a444_35,FALSE
a444,40,42.50492554,0,,a444_40,FALSE
a444,45,43.0475426,0,,a444_45,FALSE
a457,0,45,0,,a457_0,FALSE
a457,5,47.462891,0,,a457_5,FALSE
a457,10,49.78341894,0,,a457_10,FALSE
a492,0,45,0,,a492_0,FALSE
a492,5,46.40914339,0,,a492_5,FALSE
a492,10,48.43219661,0,,a492_10,FALSE
a492,15,51.9852629,0,,a492_15,FALSE
a492,20,53.67719253,0,,a492_20,FALSE
a492,25,54.70122868,1,,a492_25,FALSE
a492,30,56.20104104,1,,a492_30,FALSE
a492,35,57.30855379,1,,a492_35,FALSE
a492,40,57.92849897,1,,a492_40,FALSE
a492,45,60.12201052,1,,a492_45,FALSE
a520,0,45,0,,a520_0,FALSE
a520,5,38.72370695,0,,a520_5,FALSE
a520,10,36.42938781,0,,a520_10,FALSE
a520,15,35.590254,0,,a520_15,FALSE
a520,20,35.94774514,0,,a520_20,FALSE
a520,25,36.55858129,1,,a520_25,FALSE
a520,30,36.94770981,1,,a520_30,FALSE
a520,35,37.62471026,1,,a520_35,FALSE
a520,40,38.25972497,1,,a520_40,FALSE
a520,45,38.81036633,1,,a520_45,FALSE
a577,0,45,0,,a577_0,FALSE
a577,5,46.1977199,1,,a577_5,FALSE
a577,10,49.5096389,1,,a577_10,FALSE
a577,15,50.91500662,2,,a577_15,FALSE
a577,20,52.36518457,2,,a577_20,FALSE
a577,25,54.38093154,2,,a577_25,FALSE
a577,30,57.03186187,2,,a577_30,FALSE
a644,0,45,0,,a644_0,FALSE
a644,5,45.55015754,0,,a644_5,FALSE
a644,10,46.38071258,0,,a644_10,FALSE
a644,15,46.91089166,0,,a644_15,FALSE
a644,20,45.86506461,0,,a644_20,FALSE
a644,25,41.48122408,0,,a644_25,FALSE
a644,30,37.21112063,0,,a644_30,FALSE
a644,35,35.12863083,0,,a644_35,FALSE
a644,40,35.77945086,0,,a644_40,FALSE
a644,45,32.97852192,1,,a644_45,FALSE
a685,0,45,0,,a685_0,FALSE
a685,5,46.87048256,0,,a685_5,FALSE
a685,10,47.66475264,0,,a685_10,FALSE
a685,15,48.95147442,0,,a685_15,FALSE
a685,20,49.49055902,0,,a685_20,FALSE
a685,25,51.93995092,0,,a685_25,FALSE
a685,30,55.45385519,1,,a685_30,FALSE
a685,35,58.09262925,1,,a685_35,FALSE
a685,40,60.56790371,2,,a685_40,FALSE
a685,45,66.08306589,3,,a685_45,FALSE
a699,0,45,0,,a699_0,FALSE
a699,5,46.55308986,0,,a699_5,FALSE
a699,10,47.86737569,0,,a699_10,FALSE
a699,15,49.53040137,0,,a699_15,FALSE
a699,20,50.71242334,0,,a699_20,FALSE
a699,25,51.84638147,0,,a699_25,FALSE
a699,30,54.37934505,0,,a699_30,FALSE
a699,35,56.51068234,1,,a699_35,FALSE
a699,40,58.60544816,1,,a699_40,FALSE
a699,45,62.19141437,1,,a699_45,FALSE
a788,0,45,0,,a788_0,FALSE
a788,5,47.00658024,0,,a788_5,FALSE
a788,10,50.15972132,1,,a788_10,FALSE
a788,15,52.53994926,1,,a788_15,FALSE
a788,20,54.06098332,1,,a788_20,FALSE
a788,25,56.7702803,1,,a788_25,FALSE
a788,30,60.41370908,1,,a788_30,FALSE
a818,0,45,0,,a818_0,FALSE
a818,5,45.69670864,0,,a818_5,FALSE
a818,10,49.79091948,0,,a818_10,FALSE
a818,15,51.22756565,0,,a818_15,FALSE
a818,20,54.8346245,0,,a818_20,FALSE
a818,25,56.96627332,0,,a818_25,FALSE
a818,30,60.07237198,0,,a818_30,FALSE
a818,35,63.29854586,0,,a818_35,FALSE
a818,40,69.27381374,1,,a818_40,FALSE
a818,45,74.99776443,2,,a818_45,FALSE
a897,0,45,0,,a897_0,FALSE
a897,5,45.69112405,1,,a897_5,FALSE
a897,10,47.97292708,1,,a897_10,FALSE
a897,15,52.34308525,2,,a897_15,FALSE
a897,20,54.59570541,3,,a897_20,FALSE
a897,25,56.41331977,3,,a897_25,FALSE
a897,30,59.91693443,3,,a897_30,FALSE
a897,35,64.0528731,3,,a897_35,FALSE
a897,40,67.21174279,4,,a897_40,FALSE
a897,45,72.25596306,4,,a897_45,FALSE
a963,0,45,0,,a963_0,FALSE
a963,5,46.23350581,0,,a963_5,FALSE
a963,10,47.15052201,0,,a963_10,FALSE
a963,15,47.83685218,0,,a963_15,FALSE
a963,20,51.46373448,0,,a963_20,FALSE
a963,25,52.12980374,0,,a963_25,FALSE
a963,30,53.40166738,1,,a963_30,FALSE
a963,35,56.81397646,1,,a963_35,FALSE
a963,40,58.46378685,1,,a963_40,FALSE
a963,45,62.76509317,1,,a963_45,FALSE
b128,0,45,0,,b128_0,FALSE
b128,5,45.65133131,0,,b128_5,FALSE
b128,10,43.2708519,0,,b128_10,FALSE
b128,15,43.78489343,0,,b128_15,FALSE
b128,20,42.731552,0,,b128_20,FALSE
b128,25,43.26214483,1,,b128_25,FALSE
b128,30,40.60533486,1,,b128_30,FALSE
b128,35,37.96764437,1,,b128_35,FALSE
b128,40,38.3797259,2,,b128_40,FALSE
b128,45,38.98287774,2,,b128_45,FALSE
b313,0,45,0,,b313_0,FALSE
b313,5,47.15443254,0,,b313_5,FALSE
b313,10,48.31937218,1,,b313_10,FALSE
b313,15,49.18838735,1,,b313_15,FALSE
b313,20,53.9796797,1,,b313_20,FALSE
b313,25,55.74514628,1,,b313_25,FALSE
b447,0,45,0,,b447_0,FALSE
b487,0,45,0,,b487_0,FALSE
b487,5,46.21397739,0,,b487_5,FALSE
b487,10,47.6643871,0,,b487_10,FALSE
b487,15,51.68325586,0,,b487_15,FALSE
b487,20,53.42766344,0,,b487_20,FALSE
b487,25,56.05774909,1,,b487_25,FALSE
b559,0,45,0,,b559_0,FALSE
b559,5,47.40989731,0,,b559_5,FALSE
b559,10,48.03643202,0,,b559_10,FALSE
b559,15,51.37886229,0,,b559_15,FALSE
b559,20,55.65445572,1,,b559_20,FALSE
b559,25,57.04366929,1,,b559_25,FALSE
b559,30,61.19038663,1,,b559_30,FALSE
b559,35,65.70576275,1,,b559_35,FALSE
b559,40,69.96961645,1,,b559_40,FALSE
b559,45,73.05136339,1,,b559_45,FALSE
b742,0,45,0,,b742_0,FALSE
b742,5,41.53409702,0,,b742_5,FALSE
b742,10,41.99922813,0,,b742_10,FALSE
b742,15,39.52484301,0,,b742_15,FALSE
b742,20,37.95035546,0,,b742_20,FALSE
b742,25,38.61768433,0,,b742_25,FALSE
b742,30,39.1679495,0,,b742_30,FALSE
b742,35,39.84757556,0,,b742_35,FALSE
b742,40,38.2556274,0,,b742_40,FALSE
b742,45,38.93963263,0,,b742_45,FALSE
b759,0,45,0,,b759_0,FALSE
b759,5,48.00919049,0,,b759_5,FALSE
b759,10,49.13335499,0,,b759_10,FALSE
b759,15,51.58779906,0,,b759_15,FALSE
b759,20,54.44303502,0,,b759_20,FALSE
b759,25,55.08363235,0,,b759_25,FALSE
b759,30,55.74282869,1,,b759_30,FALSE
b879,0,45,0,,b879_0,FALSE
b879,5,49.15615628,1,,b879_5,FALSE
b879,10,50.33894583,1,,b879_10,FALSE
b879,15,51.61838657,1,,b879_15,FALSE
b879,20,53.98343568,1,,b879_20,FALSE
b879,25,56.46998744,2,,b879_25,FALSE
b879,30,60.90761481,2,,b879_30,FALSE
b879,35,64.26088633,2,,b879_35,FALSE
b879,40,67.18912666,2,,b879_40,FALSE
b879,45,72.55523894,2,,b879_45,FALSE
c139,0,45,0,,c139_0,FALSE
c139,5,48.75311208,0,,c139_5,FALSE
c139,10,49.99295391,0,,c139_10,FALSE
c139,15,51.8332246,0,,c139_15,FALSE
c139,20,56.74200681,0,,c139_20,FALSE
c139,25,61.46196976,0,,c139_25,FALSE
c139,30,64.14987077,1,,c139_30,FALSE
c139,35,67.82141969,1,,c139_35,FALSE
c139,40,69.42814095,2,,c139_40,FALSE
c139,45,72.2267309,2,,c139_45,FALSE
c264,0,45,0,,c264_0,FALSE
c264,5,45.79170389,0,,c264_5,FALSE
c264,10,49.02659196,0,,c264_10,FALSE
c264,15,53.66494165,1,,c264_15,FALSE
c264,20,54.5681957,1,,c264_20,FALSE
c264,25,56.96676876,2,,c264_25,FALSE
c264,30,57.82391556,2,,c264_30,FALSE
c264,35,61.07479506,2,,c264_35,FALSE
c264,40,65.70832272,2,,c264_40,FALSE
c264,45,67.94212107,2,,c264_45,FALSE
c282,0,45,0,,c282_0,FALSE
c282,5,45.72568973,0,,c282_5,FALSE
c282,10,48.17950638,0,,c282_10,FALSE
c282,15,49.26607873,0,,c282_15,FALSE
c282,20,51.95057423,0,,c282_20,FALSE
c282,25,56.29220039,1,,c282_25,FALSE
c282,30,59.00590207,1,,c282_30,FALSE
c282,35,59.88765475,1,,c282_35,FALSE
c282,40,65.02179944,2,,c282_40,FALSE
c282,45,65.81516535,2,,c282_45,FALSE
c302,0,45,0,,c302_0,FALSE
c302,5,47.69067986,1,,c302_5,FALSE
c302,10,48.53356704,1,,c302_10,FALSE
c302,15,52.71663459,2,,c302_15,FALSE
c302,20,54.08090836,3,,c302_20,FALSE
c302,25,55.07622853,3,,c302_25,FALSE
c302,30,57.41974389,3,,c302_30,FALSE
c302,35,62.23657157,3,,c302_35,FALSE
c302,40,63.28107148,4,,c302_40,FALSE
c302,45,64.57522157,4,,c302_45,FALSE
c326,0,45,0,,c326_0,FALSE
c326,5,36.3213458,0,,c326_5,FALSE
c402,0,45,0,,c402_0,FALSE
c402,5,49.3426301,1,,c402_5,FALSE
c402,10,50.56689412,1,,c402_10,FALSE
c402,15,52.23071944,1,,c402_15,FALSE
c402,20,54.88332044,2,,c402_20,FALSE
c402,25,58.26988853,2,,c402_25,FALSE
c402,30,63.74319428,2,,c402_30,FALSE
c402,35,65.8079627,2,,c402_35,FALSE
c402,40,70.22229679,2,,c402_40,FALSE
c402,45,74.04039018,3,,c402_45,FALSE
c458,0,45,0,,c458_0,FALSE
c458,5,45.72227949,0,,c458_5,FALSE
c458,10,44.45437828,1,,c458_10,FALSE
c458,15,45.10742313,2,,c458_15,FALSE
c458,20,39.50513508,2,,c458_20,FALSE
c458,25,37.75314964,2,,c458_25,FALSE
c458,30,38.34200823,2,,c458_30,FALSE
c559,0,45,0,,c559_0,FALSE
c559,5,46.56263793,0,,c559_5,FALSE
c559,10,47.29326012,0,,c559_10,FALSE
c559,15,51.41490358,1,,c559_15,FALSE
c559,20,52.60436695,2,,c559_20,FALSE
c559,25,54.55544168,2,,c559_25,FALSE
c559,30,57.14614388,2,,c559_30,FALSE
c559,35,59.45504074,2,,c559_35,FALSE
c559,40,60.86184431,3,,c559_40,FALSE
c559,45,61.84005842,4,,c559_45,FALSE
c580,0,45,0,,c580_0,FALSE
c580,5,46.6284548,0,,c580_5,FALSE
c580,10,47.57017382,1,,c580_10,FALSE
c580,15,51.991708,1,,c580_15,FALSE
c580,20,55.57532195,2,,c580_20,FALSE
c580,25,56.28906231,2,,c580_25,FALSE
c580,30,58.04656941,3,,c580_30,FALSE
c757,0,45,0,,c757_0,FALSE
c757,5,47.78327981,0,,c757_5,FALSE
c757,10,49.21931669,0,,c757_10,FALSE
c757,15,51.532603,0,,c757_15,FALSE
c757,20,52.81863401,1,,c757_20,FALSE
c757,25,57.10641821,2,,c757_25,FALSE
c757,30,60.09857184,2,,c757_30,FALSE
c757,35,64.29116351,2,,c757_35,FALSE
c757,40,66.60436771,2,,c757_40,FALSE
c757,45,69.04284082,3,,c757_45,FALSE
c758,0,45,0,,c758_0,FALSE
c758,5,45.5786783,0,,c758_5,FALSE
c758,10,46.28799223,0,,c758_10,FALSE
c758,15,46.94094512,1,,c758_15,FALSE
c758,20,43.1263114,1,,c758_20,FALSE
c758,25,43.6022673,1,,c758_25,FALSE
c758,30,44.11827028,1,,c758_30,FALSE
c758,35,37.80238546,1,,c758_35,FALSE
c758,40,32.83318858,1,,c758_40,FALSE
c758,45,33.39765251,1,,c758_45,FALSE
c766,0,45,0,,c766_0,FALSE
c766,5,47.31305537,0,,c766_5,FALSE
c766,10,49.50027098,1,,c766_10,FALSE
c766,15,50.59663325,2,,c766_15,FALSE
c766,20,53.00686463,3,,c766_20,FALSE
c766,25,58.21462437,3,,c766_25,FALSE
c766,30,60.2559245,3,,c766_30,FALSE
c766,35,65.95236791,4,,c766_35,FALSE
c766,40,67.68529456,4,,c766_40,FALSE
c766,45,69.82314577,4,,c766_45,FALSE
c819,0,45,0,,c819_0,FALSE
c819,5,45.76924864,1,,c819_5,FALSE
c819,10,46.65839527,1,,c819_10,FALSE
c819,15,48.37099912,1,,c819_15,FALSE
c819,20,49.76241475,1,,c819_20,FALSE
c819,25,51.82835706,1,,c819_25,FALSE
c819,30,56.0989982,1,,c819_30,FALSE
c819,35,57.72953466,1,,c819_35,FALSE
c819,40,62.17570465,1,,c819_40,FALSE
c832,0,45,0,,c832_0,FALSE
c832,5,48.68546123,1,,c832_5,FALSE
c832,10,49.81141262,1,,c832_10,FALSE
c832,15,52.86453449,1,,c832_15,FALSE
c832,20,56.71023353,1,,c832_20,FALSE
c832,25,58.89181644,2,,c832_25,FALSE
c832,30,60.49637579,2,,c832_30,FALSE
c832,35,61.12448717,2,,c832_35,FALSE
c832,40,62.57231816,2,,c832_40,FALSE
c832,45,65.41595451,3,,c832_45,FALSE
c895,0,45,0,,c895_0,FALSE
c895,5,45.47754399,0,,c895_5,FALSE
c895,10,49.77901542,0,,c895_10,FALSE
c895,15,52.94946474,1,,c895_15,FALSE
c895,20,53.6768396,2,,c895_20,FALSE
c895,25,57.53419288,2,,c895_25,FALSE
c895,30,60.96971133,2,,c895_30,FALSE
c927,0,45,0,,c927_0,FALSE
c927,5,46.35184205,0,,c927_5,FALSE
c927,10,50.96529767,1,,c927_10,FALSE
c927,15,53.26643087,1,,c927_15,FALSE
c927,20,55.48168922,1,,c927_20,FALSE
c927,25,56.54551947,2,,c927_25,FALSE
c927,30,60.7539246,2,,c927_30,FALSE
c927,35,61.87227365,3,,c927_35,FALSE
c927,40,64.18322918,4,,c927_40,FALSE
d133,0,45,0,,d133_0,FALSE
d164,0,45,0,,d164_0,FALSE
d164,5,46.61767061,0,,d164_5,FALSE
d164,10,47.47464468,1,,d164_10,FALSE
d251,0,45,0,,d251_0,FALSE
d251,5,41.74635495,1,,d251_5,FALSE
d251,10,42.43225791,1,,d251_10,FALSE
d251,15,39.47278744,1,,d251_15,FALSE
d251,20,37.65209085,1,,d251_20,FALSE
d251,25,38.09751328,1,,d251_25,FALSE
d251,30,38.71825638,2,,d251_30,FALSE
d251,35,37.70852942,2,,d251_35,FALSE
d251,40,38.26540379,2,,d251_40,FALSE
d251,45,37.31123552,2,,d251_45,FALSE
d474,0,45,0,,d474_0,FALSE
d474,5,45.91835225,0,,d474_5,FALSE
d474,10,46.97496297,0,,d474_10,FALSE
d474,15,47.77793584,0,,d474_15,FALSE
d474,20,51.73149416,0,,d474_20,FALSE
d474,25,54.27932462,0,,d474_25,FALSE
d474,30,55.34134157,0,,d474_30,FALSE
d474,35,56.47911257,0,,d474_35,FALSE
d474,40,60.23373278,1,,d474_40,FALSE
e213,0,45,0,,e213_0,FALSE
e213,5,45.69925018,1,,e213_5,FALSE
e213,10,47.3915712,2,,e213_10,FALSE
e213,15,51.7916953,2,,e213_15,FALSE
e213,20,52.61376289,2,,e213_20,FALSE
e213,25,55.22447615,2,,e213_25,FALSE
e213,30,56.45872864,3,,e213_30,FALSE
e213,35,58.24585435,3,,e213_35,FALSE
e213,40,60.23654797,3,,e213_40,FALSE
e213,45,63.1056963,4,,e213_45,FALSE
e227,0,45,0,,e227_0,FALSE
e227,5,47.23801112,0,,e227_5,FALSE
e227,10,51.34975705,1,,e227_10,FALSE
e227,15,52.83394196,1,,e227_15,FALSE
e227,20,56.6075521,1,,e227_20,FALSE
e227,25,60.60029169,1,,e227_25,FALSE
e227,30,62.46438515,2,,e227_30,FALSE
e227,35,66.94912136,3,,e227_35,FALSE
e227,40,70.7152176,3,,e227_40,FALSE
e227,45,73.21293851,3,,e227_45,FALSE
e291,0,45,0,,e291_0,FALSE
e291,5,46.14250486,0,,e291_5,FALSE
e291,10,48.52974125,1,,e291_10,FALSE
e291,15,49.3484262,1,,e291_15,FALSE
e291,20,52.53376479,1,,e291_20,FALSE
e291,25,55.1389525,2,,e291_25,FALSE
e476,0,45,0,,e476_0,FALSE
e476,5,47.11180113,0,,e476_5,FALSE
e476,10,49.43168536,0,,e476_10,FALSE
e476,15,54.04621267,0,,e476_15,FALSE
e476,20,55.24927296,0,,e476_20,FALSE
e476,25,57.408638,0,,e476_25,FALSE
e476,30,57.99279743,1,,e476_30,FALSE
e476,35,60.0643402,1,,e476_35,FALSE
e476,40,61.52527583,1,,e476_40,FALSE
e476,45,62.43540402,1,,e476_45,FALSE
e584,0,45,0,,e584_0,FALSE
e584,5,45.6569785,0,,e584_5,FALSE
e584,10,47.25064148,0,,e584_10,FALSE
e584,15,48.43041053,1,,e584_15,FALSE
e584,20,50.34492095,2,,e584_20,FALSE
e584,25,51.38641908,2,,e584_25,FALSE
e584,30,54.98440767,3,,e584_30,FALSE
e584,35,58.08655989,3,,e584_35,FALSE
e584,40,62.81687083,4,,e584_40,FALSE
e584,45,68.3597767,4,,e584_45,FALSE
e662,0,45,0,,e662_0,FALSE
e662,5,45.81628252,0,,e662_5,FALSE
e662,10,46.40908385,0,,e662_10,FALSE
e662,15,43.55377339,0,,e662_15,FALSE
e662,20,44.0012958,0,,e662_20,FALSE
e662,25,44.66459432,1,,e662_25,FALSE
e662,30,45.35023242,1,,e662_30,FALSE
e662,35,43.22027636,1,,e662_35,FALSE
e662,40,44.00672385,2,,e662_40,FALSE
e662,45,40.65900627,2,,e662_45,FALSE
f129,0,45,0,,f129_0,FALSE
f129,5,47.00059399,0,,f129_5,FALSE
f129,10,48.17971908,1,,f129_10,FALSE
f129,15,49.98830246,1,,f129_15,FALSE
f234,0,45,0,,f234_0,FALSE
f234,5,47.31349062,0,,f234_5,FALSE
f234,10,47.90432375,0,,f234_10,FALSE
f234,15,48.73519714,1,,f234_15,FALSE
f234,20,51.11271293,2,,f234_20,FALSE
f234,25,52.17860221,2,,f234_25,FALSE
f234,30,56.87381654,2,,f234_30,FALSE
f234,35,57.74875831,2,,f234_35,FALSE
f278,0,45,0,,f278_0,FALSE
f278,5,48.19457788,0,,f278_5,FALSE
f345,0,45,0,,f345_0,FALSE
f345,5,45.5911466,0,,f345_5,FALSE
f345,10,47.22244619,0,,f345_10,FALSE
f345,15,48.35223854,0,,f345_15,FALSE
f345,20,49.61338303,0,,f345_20,FALSE
f345,25,53.0788944,0,,f345_25,FALSE
f345,30,54.36379731,1,,f345_30,FALSE
f345,35,56.52332726,1,,f345_35,FALSE
f345,40,58.3155925,1,,f345_40,FALSE
f345,45,60.91876652,1,,f345_45,FALSE
f394,0,45,0,,f394_0,FALSE
f394,5,47.03309963,0,,f394_5,FALSE
f436,0,45,0,,f436_0,FALSE
f436,5,46.37079759,1,,f436_5,FALSE
f436,10,48.14697758,2,,f436_10,FALSE
f436,15,48.72207785,2,,f436_15,FALSE
f545,0,45,0,,f545_0,FALSE
f545,5,46.56581263,0,,f545_5,FALSE
f545,10,51.07251225,0,,f545_10,FALSE
f545,15,53.94554429,1,,f545_15,FALSE
f545,20,58.84118888,1,,f545_20,FALSE
f545,25,60.25348139,1,,f545_25,FALSE
f545,30,65.89398607,1,,f545_30,FALSE
f545,35,66.74292417,1,,f545_35,FALSE
f545,40,71.10811835,1,,f545_40,FALSE
f545,45,73.32443228,1,,f545_45,FALSE
f932,0,45,0,,f932_0,FALSE
f966,0,45,0,,f966_0,FALSE
f966,5,38.79647373,0,,f966_5,FALSE
f966,10,35.6244027,0,,f966_10,FALSE
f966,15,32.62300253,0,,f966_15,FALSE
f966,20,30.48598484,0,,f966_20,FALSE
f993,0,45,0,,f993_0,FALSE
f993,5,46.39575966,0,,f993_5,FALSE
f993,10,48.18537323,0,,f993_10,FALSE
f993,15,49.10697473,1,,f993_15,FALSE
f993,20,52.07951009,1,,f993_20,FALSE
g107,0,45,0,,g107_0,FALSE
g107,5,48.79166496,0,,g107_5,FALSE
g107,10,53.43598668,0,,g107_10,FALSE
g107,15,58.13554485,0,,g107_15,FALSE
g107,20,62.70603145,0,,g107_20,FALSE
g107,25,64.66362579,0,,g107_25,FALSE
g107,30,69.16051982,0,,g107_30,FALSE
g107,35,71.90511721,0,,g107_35,FALSE
g288,0,45,0,,g288_0,FALSE
g288,5,45.83939976,0,,g288_5,FALSE
g288,10,46.30400254,1,,g288_10,FALSE
g288,15,42.17230079,1,,g288_15,FALSE
g288,20,42.95712001,1,,g288_20,FALSE
g288,25,42.36869239,1,,g288_25,FALSE
g288,30,42.87446056,1,,g288_30,FALSE
g288,35,38.95411458,1,,g288_35,FALSE
g288,40,36.35685121,1,,g288_40,FALSE
g288,45,37.07402422,1,,g288_45,FALSE
g296,0,45,0,,g296_0,FALSE
g296,5,46.59323337,0,,g296_5,FALSE
g296,10,48.26950861,0,,g296_10,FALSE
g296,15,49.65324404,1,,g296_15,FALSE
g296,20,51.4471183,2,,g296_20,FALSE
g296,25,55.6701066,3,,g296_25,FALSE
g296,30,57.99770642,3,,g296_30,FALSE
g296,35,60.38451978,4,,g296_35,FALSE
g296,40,62.22191493,4,,g296_40,FALSE
g296,45,68.16319517,4,,g296_45,FALSE
g316,0,45,0,,g316_0,FALSE
g316,5,44.02275246,0,,g316_5,FALSE
g316,10,44.50204246,0,,g316_10,FALSE
g316,15,45.21674299,0,,g316_15,FALSE
g316,20,45.93332219,1,,g316_20,FALSE
g316,25,46.80922469,1,,g316_25,FALSE
g316,30,44.22147988,2,,g316_30,FALSE
g316,35,44.70283296,2,,g316_35,FALSE
g316,40,45.56582103,2,,g316_40,FALSE
g316,45,40.1592203,2,,g316_45,FALSE
g497,0,45,0,,g497_0,FALSE
g497,5,48.78206878,0,,g497_5,FALSE
g497,10,49.6470865,0,,g497_10,FALSE
g497,15,53.64616804,1,,g497_15,FALSE
g497,20,55.09699356,1,,g497_20,FALSE
g497,25,57.52444611,2,,g497_25,FALSE
g497,30,61.108186,2,,g497_30,FALSE
g497,35,64.0948893,2,,g497_35,FALSE
g497,40,67.74281406,2,,g497_40,FALSE
g497,45,69.87225079,2,,g497_45,FALSE
g558,0,45,0,,g558_0,FALSE
g558,5,46.18874193,0,,g558_5,FALSE
g558,10,50.09475382,0,,g558_10,FALSE
g558,15,51.007258,0,,g558_15,FALSE
g558,20,55.09009691,1,,g558_20,FALSE
g558,25,55.75408257,2,,g558_25,FALSE
g558,30,58.95282911,3,,g558_30,FALSE
g558,35,60.86215883,4,,g558_35,FALSE
g558,40,61.77496268,4,,g558_40,FALSE
g570,0,45,0,,g570_0,FALSE
g570,5,47.65642436,1,,g570_5,FALSE
g570,10,49.18823167,1,,g570_10,FALSE
g570,15,52.6826954,1,,g570_15,FALSE
g570,20,54.64329541,1,,g570_20,FALSE
g570,25,56.8494056,1,,g570_25,FALSE
g570,30,60.32871705,1,,g570_30,FALSE
g570,35,62.3304204,2,,g570_35,FALSE
g570,40,68.52585616,2,,g570_40,FALSE
g570,45,70.49278763,2,,g570_45,FALSE
g791,0,45,0,,g791_0,FALSE
g791,5,45.85153062,0,,g791_5,FALSE
g791,10,40.17055848,0,,g791_10,FALSE
g791,15,40.67812852,0,,g791_15,FALSE
g791,20,41.211897,0,,g791_20,FALSE
g791,25,35.56939935,1,,g791_25,FALSE
g791,30,34.95258284,1,,g791_30,FALSE
g791,35,30.96039194,1,,g791_35,FALSE
g791,40,31.36940573,1,,g791_40,FALSE
g791,45,29.12847181,1,,g791_45,FALSE
g867,0,45,0,,g867_0,FALSE
g867,5,46.88074916,0,,g867_5,FALSE
g867,10,48.18340167,0,,g867_10,FALSE
g867,15,51.06041924,1,,g867_15,FALSE
g989,0,45,0,,g989_0,FALSE
g989,0,45,0,,g989_0,FALSE
g989,5,48.78680146,0,,g989_5,FALSE
g989,5,47.57039208,0,,g989_5,FALSE
g989,10,51.74515613,0,,g989_10,FALSE
g989,10,49.8805278,0,,g989_10,FALSE
g989,15,51.32585207,1,,g989_15,FALSE
g989,15,53.44201976,0,,g989_15,FALSE
g989,20,55.32612202,1,,g989_20,FALSE
g989,20,54.65765008,1,,g989_20,FALSE
g989,25,56.04556353,1,,g989_25,FALSE
g989,30,59.08229394,1,,g989_30,FALSE
g989,35,62.57087961,2,,g989_35,FALSE
h246,0,45,0,,h246_0,FALSE
h246,5,49.47041702,0,,h246_5,FALSE
h246,10,51.36886216,1,,h246_10,FALSE
h246,15,56.18432701,1,,h246_15,FALSE
h246,20,57.93591218,1,,h246_20,FALSE
h246,25,59.5488537,1,,h246_25,FALSE
h246,30,63.59960954,1,,h246_30,FALSE
h246,35,67.2112701,2,,h246_35,FALSE
h246,40,71.15083468,2,,h246_40,FALSE
h246,45,74.10408567,2,,h246_45,FALSE
h333,0,45,0,,h333_0,FALSE
h333,5,45.75172728,0,,h333_5,FALSE
h333,10,46.23384414,1,,h333_10,FALSE
h333,15,50.69260358,2,,h333_15,FALSE
h333,20,51.99780618,2,,h333_20,FALSE
h333,25,53.73091434,2,,h333_25,FALSE
h333,30,55.45528975,2,,h333_30,FALSE
h428,0,45,0,,h428_0,FALSE
h531,0,45,0,,h531_0,FALSE
h531,5,47.7846818,0,,h531_5,FALSE
i177,0,45,0,,i177_0,FALSE
i177,5,44.06539783,0,,i177_5,FALSE
i177,10,41.02092924,0,,i177_10,FALSE
i177,15,40.33093479,0,,i177_15,FALSE
i177,20,35.34536136,0,,i177_20,FALSE
i177,25,34.0821803,1,,i177_25,FALSE
i177,30,34.71147302,1,,i177_30,FALSE
i177,35,35.1521662,1,,i177_35,FALSE
i177,40,35.55793279,2,,i177_40,FALSE
i177,45,33.56240217,3,,i177_45,FALSE
i334,0,45,0,,i334_0,FALSE
i334,5,41.02051821,0,,i334_5,FALSE
i334,10,41.63124731,0,,i334_10,FALSE
i334,15,39.15800115,0,,i334_15,FALSE
i334,20,39.6878317,0,,i334_20,FALSE
i334,25,38.24881732,1,,i334_25,FALSE
i334,30,39.00555435,1,,i334_30,FALSE
i334,35,39.7695521,2,,i334_35,FALSE
i334,40,40.44237037,2,,i334_40,FALSE
i334,45,36.37451039,2,,i334_45,FALSE
i386,0,45,0,,i386_0,FALSE
i386,5,46.85369669,1,,i386_5,FALSE
i386,10,49.86154739,2,,i386_10,FALSE
i386,15,51.73656088,2,,i386_15,FALSE
i386,20,55.08772445,2,,i386_20,FALSE
i386,25,56.68786392,3,,i386_25,FALSE
i386,30,59.13364029,3,,i386_30,FALSE
i386,35,64.92542037,3,,i386_35,FALSE
i386,40,67.28962147,4,,i386_40,FALSE
i477,0,45,0,,i477_0,FALSE
i477,5,46.65738471,0,,i477_5,FALSE
i477,10,47.52063206,0,,i477_10,FALSE
i557,0,45,0,,i557_0,FALSE
i557,5,42.2616653,0,,i557_5,FALSE
i557,10,42.99207658,0,,i557_10,FALSE
i557,15,43.5298757,0,,i557_15,FALSE
i557,20,43.96789516,0,,i557_20,FALSE
i557,25,44.59621854,0,,i557_25,FALSE
i557,30,45.26138381,0,,i557_30,FALSE
i557,35,45.94194901,0,,i557_35,FALSE
i557,40,46.82106972,1,,i557_40,FALSE
i557,45,47.68596303,1,,i557_45,FALSE
i635,0,45,0,,i635_0,FALSE
i635,5,47.23593715,0,,i635_5,FALSE
i635,10,48.68575605,1,,i635_10,FALSE
i635,15,49.53689775,1,,i635_15,FALSE
i635,20,51.87706189,1,,i635_20,FALSE
i635,25,52.92882323,1,,i635_25,FALSE
i635,30,53.5970382,2,,i635_30,FALSE
i635,35,55.67999656,2,,i635_35,FALSE
i635,40,56.84243514,3,,i635_40,FALSE
i635,45,58.63340414,3,,i635_45,FALSE
i669,0,45,0,,i669_0,FALSE
i669,5,46.76466824,1,,i669_5,FALSE
i669,10,48.2816334,1,,i669_10,FALSE
i669,15,48.8576007,1,,i669_15,FALSE
i669,20,50.87369027,1,,i669_20,FALSE
i669,25,53.30318455,2,,i669_25,FALSE
i738,0,45,0,,i738_0,FALSE
i738,5,45.59568527,0,,i738_5,FALSE
i738,10,43.42101414,0,,i738_10,FALSE
i738,15,37.97877782,0,,i738_15,FALSE
i738,20,38.53113634,0,,i738_20,FALSE
i738,25,34.97343761,0,,i738_25,FALSE
i738,30,35.57877987,1,,i738_30,FALSE
i738,35,36.17595269,1,,i738_35,FALSE
i738,40,36.84389799,2,,i738_40,FALSE
i738,45,37.31184577,2,,i738_45,FALSE
i901,0,45,0,,i901_0,FALSE
i901,5,46.49302392,0,,i901_5,FALSE
i901,10,50.42124982,0,,i901_10,FALSE
i901,15,51.41964239,0,,i901_15,FALSE
i901,20,55.97440502,0,,i901_20,FALSE
i901,25,56.575195,0,,i901_25,FALSE
i901,30,60.59185755,0,,i901_30,FALSE
i901,35,62.12733561,0,,i901_35,FALSE
i901,40,64.30345451,0,,i901_40,FALSE
i901,45,65.34181087,0,,i901_45,FALSE
j119,0,45,0,,j119_0,FALSE
j119,5,45.83899787,0,,j119_5,FALSE
j119,10,46.42536551,0,,j119_10,FALSE
j119,15,47.32298428,0,,j119_15,FALSE
j119,20,48.15820939,1,,j119_20,FALSE
j119,25,42.41716589,1,,j119_25,FALSE
j119,30,43.01368114,1,,j119_30,FALSE
j119,35,43.76570537,1,,j119_35,FALSE
j119,40,44.5850896,1,,j119_40,FALSE
j119,45,38.1251644,1,,j119_45,FALSE
j235,0,45,0,,j235_0,FALSE
j235,5,46.58881978,0,,j235_5,FALSE
j235,10,48.01878792,1,,j235_10,FALSE
j235,15,51.16113815,1,,j235_15,FALSE
j235,20,52.94290169,1,,j235_20,FALSE
j246,0,45,0,,j246_0,FALSE
j246,5,45.64143788,0,,j246_5,FALSE
j246,10,46.4083613,0,,j246_10,FALSE
j246,15,43.31265415,0,,j246_15,FALSE
j246,20,44.02037009,0,,j246_20,FALSE
j246,25,44.55522595,0,,j246_25,FALSE
j246,30,38.04408202,1,,j246_30,FALSE
j246,35,38.75326548,1,,j246_35,FALSE
j296,0,45,0,,j296_0,FALSE
j296,5,46.79925591,1,,j296_5,FALSE
j296,10,48.52997762,2,,j296_10,FALSE
j296,15,50.70127959,2,,j296_15,FALSE
j296,20,54.00534209,3,,j296_20,FALSE
j296,25,55.76714817,3,,j296_25,FALSE
j296,30,56.80306121,3,,j296_30,FALSE
j296,35,58.71448296,3,,j296_35,FALSE
j296,40,60.07268848,3,,j296_40,FALSE
j296,45,61.84902336,3,,j296_45,FALSE
j365,0,45,0,,j365_0,FALSE
j365,5,46.7112611,0,,j365_5,FALSE
j365,10,48.34932028,0,,j365_10,FALSE
j365,15,49.58826336,0,,j365_15,FALSE
j365,20,50.93935278,1,,j365_20,FALSE
j365,25,51.8103204,1,,j365_25,FALSE
j365,30,54.40488176,1,,j365_30,FALSE
j365,35,56.96120016,2,,j365_35,FALSE
j365,40,62.32717066,2,,j365_40,FALSE
j365,45,64.29408493,2,,j365_45,FALSE
j755,0,45,0,,j755_0,FALSE
j755,5,47.24284357,0,,j755_5,FALSE
j755,10,48.16706083,0,,j755_10,FALSE
j755,15,51.45397391,0,,j755_15,FALSE
j755,20,55.49660753,1,,j755_20,FALSE
j755,25,58.05581822,1,,j755_25,FALSE
j755,30,60.00720978,1,,j755_30,FALSE
j755,35,62.7328576,1,,j755_35,FALSE
j755,40,67.2077103,1,,j755_40,FALSE
j755,45,69.56362076,1,,j755_45,FALSE
j913,0,45,0,,j913_0,FALSE
j913,5,44.01490022,0,,j913_5,FALSE
j913,10,44.49716216,0,,j913_10,FALSE
j913,15,45.25253427,0,,j913_15,FALSE
j913,20,42.16834132,0,,j913_20,FALSE
j913,25,37.86066936,0,,j913_25,FALSE
j913,30,34.75724046,0,,j913_30,FALSE
j913,35,35.17014843,0,,j913_35,FALSE
j913,40,31.00186078,1,,j913_40,FALSE
j913,45,31.56046955,1,,j913_45,FALSE
j984,0,45,0,,j984_0,FALSE
j984,5,48.41072109,1,,j984_5,FALSE
j984,10,50.14108401,1,,j984_10,FALSE
j984,15,51.16675687,1,,j984_15,FALSE
j984,20,54.37251567,1,,j984_20,FALSE
j984,25,57.06435479,1,,j984_25,FALSE
j984,30,61.24050573,1,,j984_30,FALSE
j984,35,64.05539896,1,,j984_35,FALSE
j984,40,67.77708036,1,,j984_40,FALSE
j984,45,70.65383162,1,,j984_45,FALSE
j989,0,45,0,,j989_0,FALSE
j989,5,45.62071835,1,,j989_5,FALSE
j989,10,46.34383237,1,,j989_10,FALSE
j989,15,41.12835439,1,,j989_15,FALSE
j989,20,41.63534426,1,,j989_20,FALSE
j989,25,39.93411249,1,,j989_25,FALSE
j989,30,34.67178107,1,,j989_30,FALSE
j989,35,35.1155898,1,,j989_35,FALSE
j989,40,35.50119014,1,,j989_40,FALSE
j989,45,36.13485243,1,,j989_45,FALSE
k210,0,45,0,,k210_0,FALSE
k210,5,47.91899771,0,,k210_5,FALSE
k210,10,49.37993231,0,,k210_10,FALSE
k210,15,51.07355752,0,,k210_15,FALSE
k210,20,51.99761855,0,,k210_20,FALSE
k210,25,54.61397279,0,,k210_25,FALSE
k210,30,59.98950976,1,,k210_30,FALSE
k210,35,63.32933023,1,,k210_35,FALSE
k210,40,66.62283628,2,,k210_40,FALSE
k210,45,68.92318457,3,,k210_45,FALSE
k382,0,45,0,,k382_0,FALSE
k382,5,46.27499735,1,,k382_5,FALSE
k382,10,50.18096763,1,,k382_10,FALSE
k382,15,54.42916821,1,,k382_15,FALSE
k382,20,57.82435071,2,,k382_20,FALSE
k382,25,59.50390392,3,,k382_25,FALSE
k382,30,63.46944155,4,,k382_30,FALSE
k382,35,66.07918483,4,,k382_35,FALSE
k382,40,67.42095521,4,,k382_40,FALSE
k382,45,73.715619,4,,k382_45,FALSE
k403,0,45,0,,k403_0,FALSE
k403,5,38.82589807,0,,k403_5,FALSE
k403,10,35.01427146,1,,k403_10,FALSE
k403,15,34.22399174,1,,k403_15,FALSE
k403,20,32.99772858,1,,k403_20,FALSE
k403,25,33.46457735,1,,k403_25,FALSE
k403,30,31.09949753,1,,k403_30,FALSE
k403,35,26.54699343,1,,k403_35,FALSE
k403,40,24.36550471,1,,k403_40,FALSE
k403,45,22.05012627,1,,k403_45,FALSE
k483,0,45,0,,k483_0,FALSE
k483,5,46.61105571,0,,k483_5,FALSE
k483,10,50.29604123,1,,k483_10,FALSE
k483,15,53.24445813,1,,k483_15,FALSE
k483,20,54.77896052,1,,k483_20,FALSE
k483,25,57.43200731,2,,k483_25,FALSE
k483,30,59.74707708,2,,k483_30,FALSE
k483,35,60.54156159,2,,k483_35,FALSE
k483,40,64.13872489,3,,k483_40,FALSE
k483,45,66.19691151,3,,k483_45,FALSE
k510,0,45,0,,k510_0,FALSE
k510,5,46.6084671,0,,k510_5,FALSE
k510,10,47.6582498,1,,k510_10,FALSE
k510,15,49.6870517,1,,k510_15,FALSE
k510,20,52.10557382,1,,k510_20,FALSE
k603,0,45,0,,k603_0,FALSE
k603,5,46.04211582,0,,k603_5,FALSE
k603,10,46.60694676,0,,k603_10,FALSE
k603,15,48.7752855,0,,k603_15,FALSE
k603,20,50.18010935,0,,k603_20,FALSE
k754,0,45,0,,k754_0,FALSE
k754,5,45.7277604,0,,k754_5,FALSE
k754,10,49.74611666,0,,k754_10,FALSE
k754,15,51.32356994,0,,k754_15,FALSE
k754,20,52.69342276,1,,k754_20,FALSE
k804,0,45,0,,k804_0,FALSE
k804,5,48.26620364,0,,k804_5,FALSE
k804,10,49.47124419,0,,k804_10,FALSE
k804,15,50.47761824,0,,k804_15,FALSE
k804,20,54.48451945,0,,k804_20,FALSE
k804,25,55.67480798,1,,k804_25,FALSE
k804,30,59.24061511,2,,k804_30,FALSE
k804,35,62.11727887,2,,k804_35,FALSE
k862,0,45,0,,k862_0,FALSE
k862,5,49.20305786,0,,k862_5,FALSE
k862,10,50.52355007,1,,k862_10,FALSE
k862,15,54.47453362,1,,k862_15,FALSE
k862,20,57.05784818,1,,k862_20,FALSE
k862,25,58.7192973,2,,k862_25,FALSE
k862,30,60.60543979,3,,k862_30,FALSE
k862,35,66.58072244,3,,k862_35,FALSE
k862,40,67.57134128,4,,k862_40,FALSE
k862,45,69.29914907,4,,k862_45,FALSE
k894,0,45,0,,k894_0,FALSE
k894,5,47.64568674,0,,k894_5,FALSE
k894,10,49.27287011,1,,k894_10,FALSE
k894,15,49.9877657,1,,k894_15,FALSE
k894,20,50.98163936,1,,k894_20,FALSE
k894,25,52.32583833,2,,k894_25,FALSE
k894,30,54.40012279,3,,k894_30,FALSE
k894,35,55.36266238,4,,k894_35,FALSE
k894,40,58.64705616,4,,k894_40,FALSE
k894,45,60.75270417,4,,k894_45,FALSE
l215,0,45,0,,l215_0,FALSE
l215,5,49.48194935,1,,l215_5,FALSE
l215,10,53.6539696,1,,l215_10,FALSE
l264,0,45,0,,l264_0,FALSE
l264,5,46.66876646,0,,l264_5,FALSE
l264,10,50.65958094,0,,l264_10,FALSE
l471,0,45,0,,l471_0,FALSE
l471,5,46.25187204,0,,l471_5,FALSE
l471,10,48.18206306,0,,l471_10,FALSE
l471,15,49.40687901,0,,l471_15,FALSE
l471,20,52.22832698,0,,l471_20,FALSE
l471,25,52.84755893,1,,l471_25,FALSE
l471,30,58.09360446,1,,l471_30,FALSE
l471,35,61.40599916,1,,l471_35,FALSE
l471,40,63.84485785,1,,l471_40,FALSE
l471,45,67.74866174,1,,l471_45,FALSE
l490,0,45,0,,l490_0,FALSE
l490,5,45.61253918,1,,l490_5,FALSE
l490,10,47.25960594,1,,l490_10,FALSE
l490,15,50.52481268,1,,l490_15,FALSE
l490,20,51.90544699,1,,l490_20,FALSE
l490,25,55.81003359,2,,l490_25,FALSE
l490,30,57.91838132,3,,l490_30,FALSE
l509,0,45,0,,l509_0,FALSE
l509,5,45.85119285,0,,l509_5,FALSE
l509,10,46.75907363,0,,l509_10,FALSE
l509,15,47.48859931,1,,l509_15,FALSE
l509,20,48.07045162,2,,l509_20,FALSE
l509,25,44.00625702,2,,l509_25,FALSE
l509,30,44.70805473,2,,l509_30,FALSE
l509,35,40.2072885,2,,l509_35,FALSE
l509,40,40.77081259,2,,l509_40,FALSE
l509,45,41.48300765,3,,l509_45,FALSE
l558,0,45,0,,l558_0,FALSE
l558,5,45.80908882,0,,l558_5,FALSE
l558,10,46.78453491,0,,l558_10,FALSE
l661,0,45,0,,l661_0,FALSE
l661,5,46.26879904,0,,l661_5,FALSE
l661,10,49.68361956,0,,l661_10,FALSE
l661,15,50.94754484,1,,l661_15,FALSE
l661,20,52.61749003,1,,l661_20,FALSE
l661,25,53.18065678,2,,l661_25,FALSE
l661,30,55.32909936,2,,l661_30,FALSE
l661,35,56.47412871,2,,l661_35,FALSE
l661,40,59.20566876,3,,l661_40,FALSE
l661,45,59.85195552,3,,l661_45,FALSE
l700,0,45,0,,l700_0,FALSE
l700,5,45.91837165,0,,l700_5,FALSE
l700,10,47.01356652,1,,l700_10,FALSE
l700,15,49.04022529,1,,l700_15,FALSE
l700,20,50.73476811,1,,l700_20,FALSE
l700,25,54.23450181,1,,l700_25,FALSE
l700,30,56.653215,1,,l700_30,FALSE
l700,35,61.46260354,1,,l700_35,FALSE
l700,40,62.98667798,1,,l700_40,FALSE
l700,45,63.94664044,1,,l700_45,FALSE
l725,0,45,0,,l725_0,FALSE
l725,5,48.73631881,1,,l725_5,FALSE
l725,10,50.82391154,2,,l725_10,FALSE
l725,15,54.24456268,2,,l725_15,FALSE
l725,20,59.6151548,2,,l725_20,FALSE
l725,25,65.00882889,2,,l725_25,FALSE
l725,30,66.59954515,3,,l725_30,FALSE
l725,35,69.12570173,3,,l725_35,FALSE
l725,40,73.69349382,3,,l725_40,FALSE
l725,45,76.66881742,3,,l725_45,FALSE
l733,0,45,0,,l733_0,FALSE
l733,5,46.17422627,0,,l733_5,FALSE
l733,10,48.35495154,0,,l733_10,FALSE
l733,15,49.28519504,0,,l733_15,FALSE
l733,20,53.24431157,1,,l733_20,FALSE
l733,25,54.95166826,1,,l733_25,FALSE
l733,30,56.31906537,1,,l733_30,FALSE
l733,35,57.60079774,1,,l733_35,FALSE
l733,40,59.4435065,1,,l733_40,FALSE
l733,45,64.29983003,1,,l733_45,FALSE
l872,0,45,0,,l872_0,FALSE
l897,0,45,0,,l897_0,FALSE
l897,5,45.46224327,0,,l897_5,FALSE
l897,10,46.15473721,0,,l897_10,FALSE
l897,15,44.0615214,0,,l897_15,FALSE
l897,20,44.81309343,0,,l897_20,FALSE
l897,25,45.35467916,0,,l897_25,FALSE
l897,30,39.35279201,1,,l897_30,FALSE
l897,35,37.68276664,1,,l897_35,FALSE
l897,40,38.34390154,1,,l897_40,FALSE
l897,45,38.84687569,1,,l897_45,FALSE
m133,0,45,0,,m133_0,FALSE
m133,5,46.62130127,0,,m133_5,FALSE
m133,10,47.50333803,0,,m133_10,FALSE
m133,15,48.6652074,1,,m133_15,FALSE
m133,20,52.63688249,1,,m133_20,FALSE
m133,25,54.08243662,2,,m133_25,FALSE
m269,0,45,0,,m269_0,FALSE
m269,5,49.0111801,0,,m269_5,FALSE
m269,10,50.86013006,0,,m269_10,FALSE
m269,15,55.9053436,0,,m269_15,FALSE
m269,20,61.14586638,0,,m269_20,FALSE
m269,25,64.89301976,0,,m269_25,FALSE
m269,30,67.71250988,1,,m269_30,FALSE
m269,35,68.68991735,1,,m269_35,FALSE
m269,40,70.21464419,1,,m269_40,FALSE
m269,45,75.12368955,1,,m269_45,FALSE
m331,0,45,0,,m331_0,FALSE
m331,5,45.52301371,1,,m331_5,FALSE
m331,10,47.64687735,1,,m331_10,FALSE
m331,15,52.11008758,1,,m331_15,FALSE
m546,0,45,0,,m546_0,FALSE
m546,5,42.99887638,0,,m546_5,FALSE
m546,10,43.74822357,0,,m546_10,FALSE
m546,15,39.89743533,0,,m546_15,FALSE
m546,20,36.71229535,0,,m546_20,FALSE
m546,25,37.44444543,0,,m546_25,FALSE
m546,30,37.96993365,0,,m546_30,FALSE
m546,35,38.62753581,1,,m546_35,FALSE
m546,40,35.1145752,1,,m546_40,FALSE
m546,45,30.56462509,1,,m546_45,FALSE
m550,0,45,0,,m550_0,FALSE
m550,5,49.05409736,1,,m550_5,FALSE
m550,10,50.54803457,2,,m550_10,FALSE
m550,15,51.16606544,3,,m550_15,FALSE
m550,20,53.75794476,3,,m550_20,FALSE
m550,25,57.62068237,4,,m550_25,FALSE
m550,30,60.85654272,4,,m550_30,FALSE
m550,35,62.53915386,4,,m550_35,FALSE
m550,40,68.21072019,4,,m550_40,FALSE
m550,45,69.25350312,4,,m550_45,FALSE
m601,0,45,0,,m601_0,FALSE
m601,5,41.40859145,1,,m601_5,FALSE
m601,10,36.82536664,1,,m601_10,FALSE
m601,15,35.46461175,1,,m601_15,FALSE
m601,20,34.2557317,1,,m601_20,FALSE
m601,25,33.11875607,1,,m601_25,FALSE
m601,30,31.75827491,1,,m601_30,FALSE
m601,35,30.83435704,1,,m601_35,FALSE
m601,40,31.3780453,1,,m601_40,FALSE
m601,45,28.43096411,1,,m601_45,FALSE
m650,0,45,0,,m650_0,FALSE
m650,5,48.56249492,1,,m650_5,FALSE
m650,10,50.96899763,1,,m650_10,FALSE
m650,15,53.14955933,1,,m650_15,FALSE
m650,20,56.7779388,2,,m650_20,FALSE
m650,25,62.2535969,2,,m650_25,FALSE
m650,30,64.90188755,3,,m650_30,FALSE
m650,35,69.26574681,4,,m650_35,FALSE
m650,40,70.79706787,4,,m650_40,FALSE
m650,45,73.90139912,4,,m650_45,FALSE
m756,0,45,0,,m756_0,FALSE
m756,5,47.01036401,1,,m756_5,FALSE
m957,0,45,0,,m957_0,FALSE
m957,5,45.62238149,1,,m957_5,FALSE
m957,10,46.4145177,1,,m957_10,FALSE
m957,15,39.80445341,1,,m957_15,FALSE
m957,20,38.90934919,1,,m957_20,FALSE
m957,25,37.69543154,1,,m957_25,FALSE
m957,30,38.21247939,1,,m957_30,FALSE
m957,35,32.56283914,1,,m957_35,FALSE
m957,40,32.94761484,1,,m957_40,FALSE
m957,45,33.32909778,1,,m957_45,FALSE
n304,0,45,0,,n304_0,FALSE
n304,5,46.43121629,0,,n304_5,FALSE
n304,10,47.20125097,0,,n304_10,FALSE
n304,15,48.47797895,0,,n304_15,FALSE
n304,20,49.25330863,1,,n304_20,FALSE
n304,25,53.97085924,2,,n304_25,FALSE
n304,30,55.03901985,3,,n304_30,FALSE
n304,35,57.12241926,4,,n304_35,FALSE
n304,40,59.83050667,4,,n304_40,FALSE
n304,45,63.58639514,4,,n304_45,FALSE
n364,0,45,0,,n364_0,FALSE
n364,5,45.52187471,0,,n364_5,FALSE
n364,10,40.3751382,0,,n364_10,FALSE
n364,15,36.94027399,0,,n364_15,FALSE
n364,20,37.4788685,0,,n364_20,FALSE
n364,25,33.20500824,0,,n364_25,FALSE
n364,30,33.817758,0,,n364_30,FALSE
n364,35,34.48752204,1,,n364_35,FALSE
n364,40,34.95473311,1,,n364_40,FALSE
n364,45,31.09533505,1,,n364_45,FALSE
n482,0,45,0,,n482_0,FALSE
n630,0,45,0,,n630_0,FALSE
n630,5,46.09909969,0,,n630_5,FALSE
n671,0,45,0,,n671_0,FALSE
n671,5,47.35388938,0,,n671_5,FALSE
n671,10,51.03935653,0,,n671_10,FALSE
n671,15,54.21606411,0,,n671_15,FALSE
n671,20,54.82252091,0,,n671_20,FALSE
n671,25,56.17445785,0,,n671_25,FALSE
n671,30,60.16518046,0,,n671_30,FALSE
n678,0,45,0,,n678_0,FALSE
n678,5,47.55428429,0,,n678_5,FALSE
n678,10,49.14570866,1,,n678_10,FALSE
n763,0,45,0,,n763_0,FALSE
n763,5,46.08598142,0,,n763_5,FALSE
n763,10,46.81731526,1,,n763_10,FALSE
n763,15,47.79809961,1,,n763_15,FALSE
n763,20,49.25812581,1,,n763_20,FALSE
n763,25,53.40587053,2,,n763_25,FALSE
n763,30,55.41365961,3,,n763_30,FALSE
n763,35,57.38241296,3,,n763_35,FALSE
n763,40,58.01114583,4,,n763_40,FALSE
n923,0,45,0,,n923_0,FALSE
n923,5,45.82488099,0,,n923_5,FALSE
n923,10,48.79194986,1,,n923_10,FALSE
n923,15,51.73870623,1,,n923_15,FALSE
n923,20,52.59920611,1,,n923_20,FALSE
n923,25,56.85546498,2,,n923_25,FALSE
n923,30,59.63256052,3,,n923_30,FALSE
n923,35,60.35629432,3,,n923_35,FALSE
n923,40,66.22960554,3,,n923_40,FALSE
n967,0,45,0,,n967_0,FALSE
n967,5,46.07719173,1,,n967_5,FALSE
n967,10,47.47172327,1,,n967_10,FALSE
n967,15,49.82500362,1,,n967_15,FALSE
o287,0,45,0,,o287_0,FALSE
o287,5,45.58680362,0,,o287_5,FALSE
o287,10,47.36020084,1,,o287_10,FALSE
o287,15,48.67945261,1,,o287_15,FALSE
o287,20,50.85614078,2,,o287_20,FALSE
o287,25,52.06848642,3,,o287_25,FALSE
o287,30,54.50300122,3,,o287_30,FALSE
o287,35,55.11829029,4,,o287_35,FALSE
o287,40,57.1971929,4,,o287_40,FALSE
o287,45,59.74190064,4,,o287_45,FALSE
o302,0,45,0,,o302_0,FALSE
o302,5,48.93701188,0,,o302_5,FALSE
o302,10,49.70144989,0,,o302_10,FALSE
o302,15,51.38148886,0,,o302_15,FALSE
o302,20,56.17761143,0,,o302_20,FALSE
o302,25,60.51710253,0,,o302_25,FALSE
o302,30,62.03059364,1,,o302_30,FALSE
o331,0,45,0,,o331_0,FALSE
o331,5,47.05966408,1,,o331_5,FALSE
o331,10,50.12845481,1,,o331_10,FALSE
o331,15,54.78976769,1,,o331_15,FALSE
o331,20,58.96572043,1,,o331_20,FALSE
o331,25,61.10230575,1,,o331_25,FALSE
o331,30,66.33066347,1,,o331_30,FALSE
o331,35,70.12623754,2,,o331_35,FALSE
o331,40,71.44774251,3,,o331_40,FALSE
o331,45,78.56701362,4,,o331_45,FALSE
o523,0,45,0,,o523_0,FALSE
o523,5,45.54470008,0,,o523_5,FALSE
o523,10,47.0810859,1,,o523_10,FALSE
o562,0,45,0,,o562_0,FALSE
o562,5,46.51495016,1,,o562_5,FALSE
o562,10,47.14767002,1,,o562_10,FALSE
o562,15,51.50508551,1,,o562_15,FALSE
o562,20,53.61686347,1,,o562_20,FALSE
o562,25,54.74273316,1,,o562_25,FALSE
o562,30,59.65352453,1,,o562_30,FALSE
o562,35,65.36076742,1,,o562_35,FALSE
o562,40,71.17246321,1,,o562_40,FALSE
o562,45,72.45542116,2,,o562_45,FALSE
o725,0,45,0,,o725_0,FALSE
o725,5,46.88982098,0,,o725_5,FALSE
o725,10,48.199452,0,,o725_10,FALSE
o725,15,50.01507902,1,,o725_15,FALSE
o795,0,45,0,,o795_0,FALSE
o795,5,46.76092721,1,,o795_5,FALSE
o795,10,51.1237037,1,,o795_10,FALSE
o795,15,55.88633793,2,,o795_15,FALSE
o795,20,60.61005916,3,,o795_20,FALSE
o795,25,65.74177723,4,,o795_25,FALSE
o795,30,68.21706974,4,,o795_30,FALSE
o795,35,69.08509415,4,,o795_35,FALSE
o795,40,70.26647887,4,,o795_40,FALSE
o795,45,73.05945435,4,,o795_45,FALSE
o809,0,45,0,,o809_0,FALSE
o809,5,46.87724316,0,,o809_5,FALSE
o809,10,48.6707318,0,,o809_10,FALSE
o809,15,49.68344504,1,,o809_15,FALSE
o809,20,50.33655288,1,,o809_20,FALSE
o809,25,52.31817407,1,,o809_25,FALSE
o809,30,54.8326288,1,,o809_30,FALSE
o809,35,55.62942846,1,,o809_35,FALSE
o813,0,45,0,,o813_0,FALSE
o813,5,45.69933088,0,,o813_5,FALSE
o848,0,45,0,,o848_0,FALSE
o926,0,45,0,,o926_0,FALSE
o926,5,46.76116373,0,,o926_5,FALSE
o926,10,47.56567364,1,,o926_10,FALSE
o926,15,48.25424839,1,,o926_15,FALSE
o926,20,51.82663825,2,,o926_20,FALSE
o926,25,54.76333852,3,,o926_25,FALSE
o926,30,56.91739838,3,,o926_30,FALSE
o926,35,58.59399318,3,,o926_35,FALSE
o926,40,59.90304448,3,,o926_40,FALSE
o926,45,62.32796606,4,,o926_45,FALSE
o973,0,45,0,,o973_0,FALSE
o973,5,46.71787727,0,,o973_5,FALSE
o973,10,48.24579043,0,,o973_10,FALSE
o973,15,49.87193582,0,,o973_15,FALSE
o973,20,51.9569931,1,,o973_20,FALSE
o973,25,53.17981471,1,,o973_25,FALSE
o973,30,57.76995952,1,,o973_30,FALSE
o973,35,60.24221931,1,,o973_35,FALSE
o973,40,64.48781246,2,,o973_40,FALSE
p136,0,45,0,,p136_0,FALSE
p136,5,49.27397096,0,,p136_5,FALSE
p136,10,50.90789028,0,,p136_10,FALSE
p136,15,51.99141616,1,,p136_15,FALSE
p136,20,54.91379857,1,,p136_20,FALSE
p136,25,56.28147652,1,,p136_25,FALSE
p136,30,57.05280546,1,,p136_30,FALSE
p136,35,57.63078195,1,,p136_35,FALSE
p136,40,61.38024887,1,,p136_40,FALSE
p136,45,63.48869678,2,,p136_45,FALSE
p189,0,45,0,,p189_0,FALSE
p189,5,49.04870704,1,,p189_5,FALSE
p189,10,51.58216168,2,,p189_10,FALSE
p189,15,53.6755415,2,,p189_15,FALSE
p189,20,56.53020447,3,,p189_20,FALSE
p189,25,62.10895956,3,,p189_25,FALSE
p189,30,67.10453665,4,,p189_30,FALSE
p189,35,67.87377675,4,,p189_35,FALSE
p189,40,74.10609077,4,,p189_40,FALSE
p189,45,75.2949359,4,,p189_45,FALSE
p310,0,45,0,,p310_0,FALSE
p310,5,46.55853236,1,,p310_5,FALSE
p310,10,48.66560668,1,,p310_10,FALSE
p310,15,49.77074144,1,,p310_15,FALSE
p310,20,54.20518054,1,,p310_20,FALSE
p310,25,55.34183416,2,,p310_25,FALSE
p387,0,45,0,,p387_0,FALSE
p387,5,48.66763075,0,,p387_5,FALSE
p387,10,53.36296294,0,,p387_10,FALSE
p387,15,55.25138033,0,,p387_15,FALSE
p387,20,56.5876168,0,,p387_20,FALSE
p387,25,58.09848946,0,,p387_25,FALSE
p387,30,63.26924552,0,,p387_30,FALSE
p387,35,66.4922038,1,,p387_35,FALSE
p387,40,69.03887618,1,,p387_40,FALSE
p438,0,45,0,,p438_0,FALSE
p438,5,46.82793418,0,,p438_5,FALSE
p438,10,50.51749789,0,,p438_10,FALSE
p438,15,52.19836818,0,,p438_15,FALSE
p438,20,52.90529861,0,,p438_20,FALSE
p438,25,54.51057493,0,,p438_25,FALSE
p438,30,56.40642173,0,,p438_30,FALSE
p438,35,57.53855546,1,,p438_35,FALSE
p438,40,59.30528806,1,,p438_40,FALSE
p438,45,61.43389223,1,,p438_45,FALSE
p981,0,45,0,,p981_0,FALSE
p981,5,47.00062717,0,,p981_5,FALSE
p981,10,47.54584585,0,,p981_10,FALSE
p981,15,49.65770973,0,,p981_15,FALSE
p981,20,50.35806947,0,,p981_20,FALSE
p981,25,52.5447048,1,,p981_25,FALSE
p981,30,56.33910432,1,,p981_30,FALSE
p981,35,59.13102297,1,,p981_35,FALSE
q119,0,45,0,,q119_0,FALSE
q119,5,47.86444,0,,q119_5,FALSE
q119,10,51.23660557,0,,q119_10,FALSE
q132,0,45,0,,q132_0,FALSE
q132,5,46.7163985,1,,q132_5,FALSE
q132,10,47.95384377,2,,q132_10,FALSE
q132,15,49.15974862,3,,q132_15,FALSE
q132,20,51.90902494,4,,q132_20,FALSE
q132,25,52.7804893,4,,q132_25,FALSE
q132,30,54.65654872,4,,q132_30,FALSE
q483,0,45,0,,q483_0,FALSE
q483,5,46.77681624,1,,q483_5,FALSE
q483,10,47.8391005,1,,q483_10,FALSE
q483,15,48.4684826,1,,q483_15,FALSE
q483,20,50.2398558,1,,q483_20,FALSE
q483,25,52.43006649,1,,q483_25,FALSE
q483,30,54.95222585,1,,q483_30,FALSE
q483,35,59.25348433,1,,q483_35,FALSE
q483,40,64.19234114,1,,q483_40,FALSE
q511,0,45,0,,q511_0,FALSE
q511,5,45.83265378,0,,q511_5,FALSE
q511,10,50.31164687,0,,q511_10,FALSE
q511,15,52.13308139,0,,q511_15,FALSE
q511,20,52.67271205,0,,q511_20,FALSE
q511,25,57.25758287,0,,q511_25,FALSE
q511,30,59.3643535,1,,q511_30,FALSE
q511,35,60.83866059,1,,q511_35,FALSE
q511,40,63.19442807,2,,q511_40,FALSE
q511,45,68.61106075,3,,q511_45,FALSE
q582,0,45,0,,q582_0,FALSE
q582,5,45.95539895,1,,q582_5,FALSE
q582,10,47.01357514,1,,q582_10,FALSE
q582,15,48.32264018,2,,q582_15,FALSE
q582,20,51.18597648,2,,q582_20,FALSE
q582,25,51.96821056,2,,q582_25,FALSE
q582,30,52.6488935,2,,q582_30,FALSE
q582,35,53.71315792,2,,q582_35,FALSE
q597,0,45,0,,q597_0,FALSE
q597,5,45.76611104,0,,q597_5,FALSE
q597,10,42.53798598,0,,q597_10,FALSE
q597,15,41.39566036,0,,q597_15,FALSE
q597,20,41.9255866,0,,q597_20,FALSE
q597,25,42.57570709,1,,q597_25,FALSE
q597,30,43.33916123,1,,q597_30,FALSE
q597,35,43.80720142,1,,q597_35,FALSE
q597,40,44.47182121,2,,q597_40,FALSE
q597,45,45.22086888,2,,q597_45,FALSE
q610,0,45,0,,q610_0,FALSE
q610,5,45.62949421,0,,q610_5,FALSE
q610,10,44.99148471,0,,q610_10,FALSE
q610,15,45.88902756,0,,q610_15,FALSE
q610,20,46.58543347,0,,q610_20,FALSE
q610,25,40.14645019,0,,q610_25,FALSE
q610,30,40.66834256,1,,q610_30,FALSE
q610,35,36.56165229,2,,q610_35,FALSE
q633,0,45,0,,q633_0,FALSE
q633,5,47.18380215,0,,q633_5,FALSE
q633,10,49.00186559,0,,q633_10,FALSE
q633,15,50.5835573,1,,q633_15,FALSE
q633,20,53.28728681,1,,q633_20,FALSE
q633,25,55.6831017,1,,q633_25,FALSE
q633,30,58.05725257,1,,q633_30,FALSE
q633,35,63.1256593,1,,q633_35,FALSE
q633,40,68.49863876,2,,q633_40,FALSE
q633,45,70.82779631,2,,q633_45,FALSE
q787,0,45,0,,q787_0,FALSE
q787,5,47.11661587,0,,q787_5,FALSE
q787,10,48.59386234,1,,q787_10,FALSE
q787,15,49.21773243,2,,q787_15,FALSE
q787,20,50.22993419,2,,q787_20,FALSE
q787,25,52.71318786,2,,q787_25,FALSE
q787,30,55.03620625,2,,q787_30,FALSE
q787,35,60.33385242,3,,q787_35,FALSE
q787,40,62.0341267,3,,q787_40,FALSE
q787,45,66.09647477,3,,q787_45,FALSE
r107,0,45,0,,r107_0,FALSE
r107,5,48.51342027,0,,r107_5,FALSE
r107,10,49.18601052,0,,r107_10,FALSE
r107,15,53.09033546,0,,r107_15,FALSE
r107,20,55.2638584,0,,r107_20,FALSE
r107,25,57.70666715,1,,r107_25,FALSE
r107,30,58.40647256,1,,r107_30,FALSE
r157,0,45,0,,r157_0,FALSE
r157,5,45.59706359,0,,r157_5,FALSE
r157,10,46.05960827,0,,r157_10,FALSE
r157,15,46.53920617,0,,r157_15,FALSE
r554,0,45,0,,r554_0,FALSE
r554,5,45.78174579,1,,r554_5,FALSE
r554,10,39.0054935,2,,r554_10,FALSE
r554,15,35.46375763,2,,r554_15,FALSE
r554,20,36.01558858,2,,r554_20,FALSE
r554,25,33.89334515,3,,r554_25,FALSE
r554,30,32.68065459,3,,r554_30,FALSE
r554,35,33.06933705,3,,r554_35,FALSE
r554,40,31.80484133,3,,r554_40,FALSE
r554,45,32.37735684,3,,r554_45,FALSE
r604,0,45,0,,r604_0,FALSE
r604,5,47.06774448,1,,r604_5,FALSE
r604,10,48.78655957,1,,r604_10,FALSE
r604,15,51.07452073,1,,r604_15,FALSE
r604,20,51.90275292,1,,r604_20,FALSE
r604,25,52.93685812,1,,r604_25,FALSE
r604,30,54.68821536,2,,r604_30,FALSE
r604,35,59.21700015,2,,r604_35,FALSE
r604,40,60.18611531,2,,r604_40,FALSE
r604,45,62.67075904,3,,r604_45,FALSE
r701,0,45,0,,r701_0,FALSE
r701,5,46.88697137,0,,r701_5,FALSE
r701,10,49.65459636,0,,r701_10,FALSE
r701,15,52.48480443,0,,r701_15,FALSE
r701,20,54.11413742,0,,r701_20,FALSE
r701,25,57.89848998,1,,r701_25,FALSE
r701,30,60.34181872,1,,r701_30,FALSE
r701,35,64.73001045,1,,r701_35,FALSE
r701,40,66.64072178,1,,r701_40,FALSE
r701,45,69.77854407,1,,r701_45,FALSE
r811,0,45,0,,r811_0,FALSE
r811,5,45.62580225,0,,r811_5,FALSE
r811,10,39.453903,0,,r811_10,FALSE
r811,15,40.02229235,0,,r811_15,FALSE
r811,20,40.7728027,0,,r811_20,FALSE
r811,25,37.61401068,0,,r811_25,FALSE
r811,30,38.24206639,0,,r811_30,FALSE
r811,35,36.00302016,1,,r811_35,FALSE
r811,40,36.5200329,1,,r811_40,FALSE
r811,45,37.22565033,1,,r811_45,FALSE
r850,0,45,0,,r850_0,FALSE
r850,5,46.86291194,0,,r850_5,FALSE
r850,10,48.51509085,1,,r850_10,FALSE
r850,15,50.21860469,1,,r850_15,FALSE
r921,0,45,0,,r921_0,FALSE
r921,5,45.56821083,0,,r921_5,FALSE
r921,10,42.71192694,0,,r921_10,FALSE
r921,15,43.52726054,0,,r921_15,FALSE
r921,20,44.13631588,0,,r921_20,FALSE
r921,25,42.65534089,1,,r921_25,FALSE
r921,30,43.41938077,1,,r921_30,FALSE
r944,0,45,0,,r944_0,FALSE
r944,5,45.73714484,0,,r944_5,FALSE
r944,10,46.54429202,0,,r944_10,FALSE
r944,15,47.37342325,0,,r944_15,FALSE
r944,20,43.22567119,1,,r944_20,FALSE
r944,25,41.08699106,1,,r944_25,FALSE
r944,30,41.68079111,1,,r944_30,FALSE
r944,35,40.40176542,2,,r944_35,FALSE
r944,40,41.0420449,2,,r944_40,FALSE
r944,45,41.58152074,2,,r944_45,FALSE
s121,0,45,0,,s121_0,FALSE
s121,5,45.63566174,1,,s121_5,FALSE
s121,10,49.04883479,1,,s121_10,FALSE
s121,15,50.82456031,2,,s121_15,FALSE
s121,20,52.0050659,2,,s121_20,FALSE
s121,25,55.65068132,2,,s121_25,FALSE
s141,0,45,0,,s141_0,FALSE
s141,5,45.83113434,0,,s141_5,FALSE
s141,10,47.23569156,0,,s141_10,FALSE
s141,15,49.23234538,1,,s141_15,FALSE
s141,20,51.6216457,1,,s141_20,FALSE
s141,25,53.80437038,1,,s141_25,FALSE
s141,30,55.84141007,1,,s141_30,FALSE
s152,0,45,0,,s152_0,FALSE
s152,5,47.4590529,1,,s152_5,FALSE
s152,10,52.1816442,2,,s152_10,FALSE
s152,15,57.22498064,2,,s152_15,FALSE
s152,20,62.35160945,2,,s152_20,FALSE
s152,25,64.11914213,2,,s152_25,FALSE
s166,0,45,0,,s166_0,FALSE
s166,5,47.18678778,0,,s166_5,FALSE
s166,10,49.00012468,0,,s166_10,FALSE
s185,0,45,0,,s185_0,FALSE
s185,5,43.87849569,0,,s185_5,FALSE
s185,10,37.61494768,0,,s185_10,FALSE
s185,15,38.17723195,0,,s185_15,FALSE
s185,20,36.86687576,0,,s185_20,FALSE
s185,25,33.94994037,0,,s185_25,FALSE
s185,30,32.95967078,1,,s185_30,FALSE
s185,35,28.32853059,1,,s185_35,FALSE
s185,40,25.47214326,1,,s185_40,FALSE
s185,45,23.34359787,1,,s185_45,FALSE
s187,0,45,0,,s187_0,FALSE
s187,5,47.57671761,1,,s187_5,FALSE
s187,10,48.14635121,1,,s187_10,FALSE
s187,15,52.08163225,1,,s187_15,FALSE
s187,20,53.74473406,1,,s187_20,FALSE
s187,25,56.48521984,1,,s187_25,FALSE
s187,30,60.00878263,2,,s187_30,FALSE
s337,0,45,0,,s337_0,FALSE
s337,5,46.84985157,0,,s337_5,FALSE
s337,10,47.8944415,0,,s337_10,FALSE
s337,15,48.57151582,0,,s337_15,FALSE
s337,20,49.20205408,1,,s337_20,FALSE
s337,25,50.9706889,2,,s337_25,FALSE
s337,30,52.74771768,3,,s337_30,FALSE
s337,35,54.81081251,3,,s337_35,FALSE
s337,40,56.99481589,4,,s337_40,FALSE
s337,45,62.10965102,4,,s337_45,FALSE
s508,0,45,0,,s508_0,FALSE
s508,5,38.71187185,0,,s508_5,FALSE
s508,10,34.8509979,0,,s508_10,FALSE
s508,15,35.27690634,0,,s508_15,FALSE
s508,20,35.92865083,0,,s508_20,FALSE
s508,25,36.33856894,0,,s508_25,FALSE
s508,30,35.47402235,0,,s508_30,FALSE
s508,35,35.8461407,0,,s508_35,FALSE
s508,40,32.79817119,0,,s508_40,FALSE
s508,45,30.27623175,0,,s508_45,FALSE
s565,0,45,0,,s565_0,FALSE
s565,5,48.24255218,0,,s565_5,FALSE
s565,10,52.7775271,0,,s565_10,FALSE
s565,15,54.32831664,1,,s565_15,FALSE
s565,20,57.04618912,1,,s565_20,FALSE
s565,25,58.55361079,1,,s565_25,FALSE
s565,30,63.66896678,1,,s565_30,FALSE
s565,35,64.77657909,2,,s565_35,FALSE
s565,40,67.22100698,2,,s565_40,FALSE
s565,45,72.58896447,2,,s565_45,FALSE
s619,0,45,0,,s619_0,FALSE
s619,5,46.60226878,0,,s619_5,FALSE
s710,0,45,0,,s710_0,FALSE
s710,5,43.1809774,0,,s710_5,FALSE
s710,10,43.68802627,0,,s710_10,FALSE
s710,15,41.84523536,0,,s710_15,FALSE
s710,20,42.62996266,1,,s710_20,FALSE
s710,25,43.06040875,1,,s710_25,FALSE
s710,30,43.57170323,1,,s710_30,FALSE
s710,35,44.16051879,1,,s710_35,FALSE
s710,40,40.17192011,1,,s710_40,FALSE
s710,45,40.72857787,1,,s710_45,FALSE
t198,0,45,0,,t198_0,FALSE
t198,5,47.46126052,0,,t198_5,FALSE
t198,10,49.00080978,1,,t198_10,FALSE
t198,15,49.7811808,2,,t198_15,FALSE
t198,20,51.49073998,3,,t198_20,FALSE
t198,25,56.18466399,3,,t198_25,FALSE
t198,30,56.92497431,3,,t198_30,FALSE
t198,35,57.73594116,3,,t198_35,FALSE
t198,40,59.12995997,4,,t198_40,FALSE
t198,45,64.91136268,4,,t198_45,FALSE
t451,0,45,0,,t451_0,FALSE
t451,5,48.04713882,0,,t451_5,FALSE
t451,10,48.95791906,0,,t451_10,FALSE
t451,15,49.65278772,0,,t451_15,FALSE
t451,20,51.06367793,0,,t451_20,FALSE
t451,25,55.52755345,0,,t451_25,FALSE
t451,30,59.27582268,0,,t451_30,FALSE
t451,35,63.75698964,0,,t451_35,FALSE
t451,40,67.65479599,1,,t451_40,FALSE
t451,45,68.7116302,1,,t451_45,FALSE
t565,0,45,0,,t565_0,FALSE
t565,5,45.8956472,0,,t565_5,FALSE
t565,10,46.74900552,0,,t565_10,FALSE
t565,15,44.44094861,0,,t565_15,FALSE
t565,20,39.0702138,0,,t565_20,FALSE
t565,25,37.34220976,0,,t565_25,FALSE
t565,30,32.86891617,0,,t565_30,FALSE
t565,35,33.51567063,0,,t565_35,FALSE
t565,40,33.94934131,0,,t565_40,FALSE
t565,45,34.45529799,0,,t565_45,FALSE
t573,0,45,0,,t573_0,FALSE
t718,0,45,0,,t718_0,FALSE
t718,5,45.92125272,1,,t718_5,FALSE
t718,10,46.39268805,1,,t718_10,FALSE
t718,15,48.08512552,1,,t718_15,FALSE
t718,20,52.6367,2,,t718_20,FALSE
t718,25,55.87658787,3,,t718_25,FALSE
t718,30,57.70411372,3,,t718_30,FALSE
t718,35,60.46389851,3,,t718_35,FALSE
t718,40,61.5303989,3,,t718_40,FALSE
t718,45,63.42369517,4,,t718_45,FALSE
t724,0,45,0,,t724_0,FALSE
t724,5,46.35925829,0,,t724_5,FALSE
t724,10,50.70389965,0,,t724_10,FALSE
t724,15,55.58461724,0,,t724_15,FALSE
t724,20,57.22940914,0,,t724_20,FALSE
t724,25,59.82606797,1,,t724_25,FALSE
t724,30,64.2345947,2,,t724_30,FALSE
t724,35,67.74432795,2,,t724_35,FALSE
t724,40,69.72832559,2,,t724_40,FALSE
t724,45,75.11328801,2,,t724_45,FALSE
t994,0,45,0,,t994_0,FALSE
t994,5,47.8914871,0,,t994_5,FALSE
t994,10,52.6141635,1,,t994_10,FALSE
t994,15,53.45863887,1,,t994_15,FALSE
t994,20,56.52795159,1,,t994_20,FALSE
u149,0,45,0,,u149_0,FALSE
u149,5,45.79206792,0,,u149_5,FALSE
u149,10,47.40483439,0,,u149_10,FALSE
u149,15,48.52237343,0,,u149_15,FALSE
u149,20,50.37805789,0,,u149_20,FALSE
u149,25,52.92534846,0,,u149_25,FALSE
u153,0,45,0,,u153_0,FALSE
u196,0,45,0,,u196_0,FALSE
u196,5,45.55746444,1,,u196_5,FALSE
u196,10,46.42294306,1,,u196_10,FALSE
u196,15,47.22717065,1,,u196_15,FALSE
u196,20,46.10536303,1,,u196_20,FALSE
u196,25,46.7053254,1,,u196_25,FALSE
u196,30,47.62281636,2,,u196_30,FALSE
u196,35,47.00146542,2,,u196_35,FALSE
u196,40,43.45368679,2,,u196_40,FALSE
u196,45,40.66771292,3,,u196_45,FALSE
u327,0,45,0,,u327_0,FALSE
u327,5,45.69418805,0,,u327_5,FALSE
u327,10,49.23525948,0,,u327_10,FALSE
u327,15,50.65996437,0,,u327_15,FALSE
u327,20,53.18987907,0,,u327_20,FALSE
u327,25,56.05963409,0,,u327_25,FALSE
u327,30,57.31407239,0,,u327_30,FALSE
u327,35,58.08902837,1,,u327_35,FALSE
u327,40,60.46654541,1,,u327_40,FALSE
u327,45,66.26880133,2,,u327_45,FALSE
u364,0,45,0,,u364_0,FALSE
u364,5,45.76088647,1,,u364_5,FALSE
u364,10,46.56841719,2,,u364_10,FALSE
u364,15,47.21219992,2,,u364_15,FALSE
u364,20,40.34394812,2,,u364_20,FALSE
u364,25,35.50361557,2,,u364_25,FALSE
u364,30,35.9783344,2,,u364_30,FALSE
u364,35,35.45948978,2,,u364_35,FALSE
u364,40,36.02413752,2,,u364_40,FALSE
u364,45,31.02392294,3,,u364_45,FALSE
u946,0,45,0,,u946_0,FALSE
u946,5,45.9918078,1,,u946_5,FALSE
u946,10,46.73050592,1,,u946_10,FALSE
u946,15,47.67302921,1,,u946_15,FALSE
u946,20,49.11004966,1,,u946_20,FALSE
v199,0,45,0,,v199_0,FALSE
v289,0,45,0,,v289_0,FALSE
v289,5,46.20446003,0,,v289_5,FALSE
v289,10,48.13348207,0,,v289_10,FALSE
v289,15,52.60216564,0,,v289_15,FALSE
v289,20,54.25005397,0,,v289_20,FALSE
v289,25,56.72009545,0,,v289_25,FALSE
v295,0,45,0,,v295_0,FALSE
v295,5,46.11181797,1,,v295_5,FALSE
v295,10,47.53946216,2,,v295_10,FALSE
v295,15,50.66605391,2,,v295_15,FALSE
v295,20,55.73137535,3,,v295_20,FALSE
v295,25,57.69185918,3,,v295_25,FALSE
v295,30,59.33377202,3,,v295_30,FALSE
v295,35,61.89315267,3,,v295_35,FALSE
v295,40,65.46607444,3,,v295_40,FALSE
v339,0,45,0,,v339_0,FALSE
v339,5,46.25011212,0,,v339_5,FALSE
v409,0,45,0,,v409_0,FALSE
v409,5,46.22079642,0,,v409_5,FALSE
v409,10,50.64903842,1,,v409_10,FALSE
v603,0,45,0,,v603_0,FALSE
v603,5,46.01600593,0,,v603_5,FALSE
v603,10,47.8305568,0,,v603_10,FALSE
v603,15,52.10294744,0,,v603_15,FALSE
v603,20,53.72124193,0,,v603_20,FALSE
v603,25,56.07523001,1,,v603_25,FALSE
v603,30,57.99055378,1,,v603_30,FALSE
v603,35,63.18943184,1,,v603_35,FALSE
v719,0,45,0,,v719_0,FALSE
v719,5,47.18836325,0,,v719_5,FALSE
v719,10,51.49705412,1,,v719_10,FALSE
v719,15,52.60910758,1,,v719_15,FALSE
v719,20,54.04860769,1,,v719_20,FALSE
v764,0,45,0,,v764_0,FALSE
v764,5,47.05418474,0,,v764_5,FALSE
v764,10,48.18900062,1,,v764_10,FALSE
v764,15,49.41262418,2,,v764_15,FALSE
v766,0,45,0,,v766_0,FALSE
v766,5,48.15125091,1,,v766_5,FALSE
v766,10,50.36310988,1,,v766_10,FALSE
v766,15,51.54243058,1,,v766_15,FALSE
v835,0,45,0,,v835_0,FALSE
v835,5,47.15601071,0,,v835_5,FALSE
v835,10,48.96591797,0,,v835_10,FALSE
v835,15,50.54520646,1,,v835_15,FALSE
v835,20,51.29654266,2,,v835_20,FALSE
v923,0,45,0,,v923_0,FALSE
v923,5,45.70443431,0,,v923_5,FALSE
v923,10,39.84822328,0,,v923_10,FALSE
v923,15,40.45798877,0,,v923_15,FALSE
v923,20,39.64829568,0,,v923_20,FALSE
v923,25,40.15641269,1,,v923_25,FALSE
v923,30,40.75221626,2,,v923_30,FALSE
v923,35,41.43924156,2,,v923_35,FALSE
v923,40,42.1510148,2,,v923_40,FALSE
v923,45,40.65812366,2,,v923_45,FALSE
v989,0,45,0,,v989_0,FALSE
v989,5,48.85813451,0,,v989_5,FALSE
v989,10,52.61468889,1,,v989_10,FALSE
v991,0,45,0,,v991_0,FALSE
v991,5,49.21432799,1,,v991_5,FALSE
v991,10,52.6449057,1,,v991_10,FALSE
v991,15,54.588591,1,,v991_15,FALSE
v991,20,57.74069459,2,,v991_20,FALSE
v991,25,60.01674733,2,,v991_25,FALSE
v991,30,62.74364308,3,,v991_30,FALSE
v991,35,63.89531294,4,,v991_35,FALSE
v991,40,64.8511286,4,,v991_40,FALSE
v991,45,70.16774899,4,,v991_45,FALSE
w140,0,45,0,,w140_0,FALSE
w140,5,47.71795156,0,,w140_5,FALSE
w150,0,45,0,,w150_0,FALSE
w150,5,39.20212894,0,,w150_5,FALSE
w150,10,39.95234669,0,,w150_10,FALSE
w151,0,45,0,,w151_0,FALSE
w151,5,45.54607595,1,,w151_5,FALSE
w151,10,46.50147609,1,,w151_10,FALSE
w151,15,47.24292865,1,,w151_15,FALSE
w151,20,49.55426295,2,,w151_20,FALSE
w151,25,51.8690587,2,,w151_25,FALSE
w151,30,56.76715821,2,,w151_30,FALSE
w151,35,58.33914095,2,,w151_35,FALSE
w151,40,62.18795039,2,,w151_40,FALSE
w151,45,67.52748237,3,,w151_45,FALSE
w167,0,45,0,,w167_0,FALSE
w167,5,48.78627194,0,,w167_5,FALSE
w167,10,51.82640965,0,,w167_10,FALSE
w167,15,53.90048909,0,,w167_15,FALSE
w167,20,57.54815669,0,,w167_20,FALSE
w167,25,61.86857673,0,,w167_25,FALSE
w167,30,67.19787186,0,,w167_30,FALSE
w167,35,68.13428817,0,,w167_35,FALSE
w193,0,45,0,,w193_0,FALSE
w193,5,45.49385802,0,,w193_5,FALSE
w193,10,48.34655046,0,,w193_10,FALSE
w193,15,49.38557373,0,,w193_15,FALSE
w193,20,50.00513807,0,,w193_20,FALSE
w350,0,45,0,,w350_0,FALSE
w350,5,48.23211311,0,,w350_5,FALSE
w350,10,48.89955238,0,,w350_10,FALSE
w350,15,50.8546323,1,,w350_15,FALSE
w350,20,52.13232061,1,,w350_20,FALSE
w350,25,52.80591518,1,,w350_25,FALSE
w350,30,55.87990896,1,,w350_30,FALSE
w350,35,56.68355758,1,,w350_35,FALSE
w350,40,62.32434769,2,,w350_40,FALSE
w350,45,64.95756185,2,,w350_45,FALSE
w422,0,45,0,,w422_0,FALSE
w422,5,48.45745927,0,,w422_5,FALSE
w422,10,49.93597024,0,,w422_10,FALSE
w422,15,52.24630985,0,,w422_15,FALSE
w422,20,53.67624336,1,,w422_20,FALSE
w422,25,56.95791715,2,,w422_25,FALSE
w422,30,60.09663467,3,,w422_30,FALSE
w422,35,61.40961994,4,,w422_35,FALSE
w422,40,63.07258467,4,,w422_40,FALSE
w422,45,67.98953001,4,,w422_45,FALSE
w540,0,45,0,,w540_0,FALSE
w540,5,45.88537038,1,,w540_5,FALSE
w540,10,47.45906658,1,,w540_10,FALSE
w540,15,48.25014636,2,,w540_15,FALSE
w540,20,50.67272745,2,,w540_20,FALSE
w540,25,52.60026955,2,,w540_25,FALSE
w575,0,45,0,,w575_0,FALSE
w575,5,48.91385977,1,,w575_5,FALSE
w575,10,50.13595547,1,,w575_10,FALSE
w575,15,50.86745176,1,,w575_15,FALSE
w575,20,55.5918155,1,,w575_20,FALSE
w575,25,58.58732169,1,,w575_25,FALSE
w575,30,60.15306524,1,,w575_30,FALSE
w575,35,63.68644503,2,,w575_35,FALSE
w575,40,64.93840621,3,,w575_40,FALSE
w575,45,68.40128593,3,,w575_45,FALSE
w584,0,45,0,,w584_0,FALSE
w584,5,46.05193075,0,,w584_5,FALSE
w584,10,47.29850794,0,,w584_10,FALSE
w584,15,51.26543971,0,,w584_15,FALSE
w584,20,53.32350743,1,,w584_20,FALSE
w584,25,55.65083791,1,,w584_25,FALSE
w584,30,58.26844248,1,,w584_30,FALSE
w678,0,45,0,,w678_0,FALSE
w678,5,43.16637266,0,,w678_5,FALSE
w697,0,45,0,,w697_0,FALSE
w697,5,48.30182261,1,,w697_5,FALSE
w697,10,48.925056,2,,w697_10,FALSE
w697,15,52.65726519,2,,w697_15,FALSE
w697,20,54.22809098,3,,w697_20,FALSE
w697,25,57.6103943,3,,w697_25,FALSE
w697,30,60.72063591,3,,w697_30,FALSE
w697,35,63.68904216,3,,w697_35,FALSE
w746,0,45,0,,w746_0,FALSE
w746,5,49.45327005,0,,w746_5,FALSE
w914,0,45,0,,w914_0,FALSE
w914,5,45.89372032,0,,w914_5,FALSE
w914,10,43.23196275,0,,w914_10,FALSE
w914,15,43.68844893,0,,w914_15,FALSE
w914,20,41.10809233,0,,w914_20,FALSE
w914,25,40.29191661,0,,w914_25,FALSE
w914,30,40.99311013,0,,w914_30,FALSE
w914,35,41.66491577,1,,w914_35,FALSE
w914,40,35.61130861,2,,w914_40,FALSE
w914,45,36.04104736,2,,w914_45,FALSE
x111,0,45,0,,x111_0,FALSE
x111,5,46.94101498,1,,x111_5,FALSE
x111,10,49.12296898,1,,x111_10,FALSE
x209,0,45,0,,x209_0,FALSE
x209,5,46.75426887,0,,x209_5,FALSE
x209,10,48.92989543,0,,x209_10,FALSE
x226,0,45,0,,x226_0,FALSE
x264,0,45,0,,x264_0,FALSE
x264,5,47.0384145,0,,x264_5,FALSE
x264,10,47.88712765,1,,x264_10,FALSE
x264,15,50.00231403,1,,x264_15,FALSE
x264,20,53.07426973,1,,x264_20,FALSE
x264,25,56.89105283,2,,x264_25,FALSE
x264,30,58.15869423,3,,x264_30,FALSE
x264,35,61.29960778,4,,x264_35,FALSE
x264,40,63.28328821,4,,x264_40,FALSE
x336,0,45,0,,x336_0,FALSE
x401,0,45,0,,x401_0,FALSE
x401,5,45.47375302,0,,x401_5,FALSE
x401,10,39.11389068,0,,x401_10,FALSE
x401,15,39.77625003,0,,x401_15,FALSE
x401,20,36.06583471,0,,x401_20,FALSE
x401,25,36.61712031,0,,x401_25,FALSE
x401,30,32.91529186,0,,x401_30,FALSE
x401,35,30.20682488,0,,x401_35,FALSE
x401,40,28.16739732,0,,x401_40,FALSE
x401,45,28.48403281,0,,x401_45,FALSE
x402,0,45,0,,x402_0,FALSE
x402,5,46.32757027,1,,x402_5,FALSE
x402,10,46.88696249,1,,x402_10,FALSE
x402,15,49.1199478,1,,x402_15,FALSE
x402,20,50.41475041,2,,x402_20,FALSE
x402,25,52.43173664,2,,x402_25,FALSE
x402,30,54.35158463,3,,x402_30,FALSE
x402,35,55.24096223,3,,x402_35,FALSE
x402,40,56.69172294,3,,x402_40,FALSE
x402,45,61.61960615,3,,x402_45,FALSE
x581,0,45,0,,x581_0,FALSE
x581,5,47.1969266,0,,x581_5,FALSE
x581,10,49.06702788,1,,x581_10,FALSE
x581,15,49.74642744,2,,x581_15,FALSE
x581,20,51.20796943,3,,x581_20,FALSE
x581,25,51.93528318,3,,x581_25,FALSE
x581,30,55.49282602,3,,x581_30,FALSE
x581,35,58.07758293,3,,x581_35,FALSE
x581,40,60.28040549,3,,x581_40,FALSE
x581,45,64.63494887,3,,x581_45,FALSE
x613,0,45,0,,x613_0,FALSE
x613,5,46.09704058,0,,x613_5,FALSE
x613,10,46.8181759,0,,x613_10,FALSE
x613,15,48.0776464,0,,x613_15,FALSE
x773,0,45,0,,x773_0,FALSE
x773,5,45.8508307,1,,x773_5,FALSE
x773,10,47.18920597,2,,x773_10,FALSE
x773,15,47.67123558,3,,x773_15,FALSE
x773,20,49.7397129,3,,x773_20,FALSE
x773,25,51.10442109,3,,x773_25,FALSE
x773,30,52.81311518,4,,x773_30,FALSE
x773,35,55.19273639,4,,x773_35,FALSE
x773,40,55.98767551,4,,x773_40,FALSE
x773,45,58.63497149,4,,x773_45,FALSE
x822,0,45,0,,x822_0,FALSE
x822,5,45.67110442,1,,x822_5,FALSE
x822,10,48.98371668,1,,x822_10,FALSE
x822,15,49.69466533,1,,x822_15,FALSE
x822,20,51.91490968,2,,x822_20,FALSE
x822,25,54.04133326,2,,x822_25,FALSE
x822,30,55.44515483,2,,x822_30,FALSE
x822,35,56.79656665,2,,x822_35,FALSE
x822,40,59.55568466,2,,x822_40,FALSE
x822,45,61.38666032,3,,x822_45,FALSE
x930,0,45,0,,x930_0,FALSE
x930,5,46.07823375,0,,x930_5,FALSE
x930,10,50.26069441,0,,x930_10,FALSE
x930,15,51.97376864,0,,x930_15,FALSE
x930,20,52.55606575,0,,x930_20,FALSE
x930,25,53.7261013,0,,x930_25,FALSE
y163,0,45,0,,y163_0,FALSE
y163,5,48.28497016,0,,y163_5,FALSE
y163,10,49.1123991,1,,y163_10,FALSE
y163,15,51.52306843,1,,y163_15,FALSE
y163,20,54.57107607,1,,y163_20,FALSE
y163,25,56.17638452,1,,y163_25,FALSE
y163,30,59.41253724,2,,y163_30,FALSE
y163,35,61.73019562,2,,y163_35,FALSE
y163,40,63.62067958,2,,y163_40,FALSE
y163,45,67.68556862,3,,y163_45,FALSE
y260,0,45,0,,y260_0,FALSE
y260,5,46.79983867,0,,y260_5,FALSE
y260,10,48.08180678,1,,y260_10,FALSE
y260,15,50.19615224,2,,y260_15,FALSE
y260,20,50.72958174,3,,y260_20,FALSE
y260,25,54.43756172,4,,y260_25,FALSE
y260,30,58.58267634,4,,y260_30,FALSE
y260,35,59.60355821,4,,y260_35,FALSE
y260,40,60.91417627,4,,y260_40,FALSE
y260,45,62.90944062,4,,y260_45,FALSE
y449,0,45,0,,y449_0,FALSE
y449,5,45.87754494,0,,y449_5,FALSE
y449,10,46.37809248,0,,y449_10,FALSE
y449,15,44.18345092,0,,y449_15,FALSE
y478,0,45,0,,y478_0,FALSE
y478,5,48.64107818,1,,y478_5,FALSE
y478,10,52.28893409,1,,y478_10,FALSE
y478,15,53.61040585,1,,y478_15,FALSE
y478,20,56.84885016,1,,y478_20,FALSE
y478,25,57.82697598,1,,y478_25,FALSE
y478,30,59.37461452,1,,y478_30,FALSE
y478,35,61.88802678,1,,y478_35,FALSE
y478,40,65.97112017,1,,y478_40,FALSE
y478,45,66.84263453,1,,y478_45,FALSE
y601,0,45,0,,y601_0,FALSE
y601,5,48.47500273,1,,y601_5,FALSE
y769,0,45,0,,y769_0,FALSE
y769,5,46.42265176,1,,y769_5,FALSE
y769,10,48.01516261,1,,y769_10,FALSE
y769,15,52.76102114,2,,y769_15,FALSE
y769,20,55.02572434,2,,y769_20,FALSE
y769,25,58.33595901,3,,y769_25,FALSE
y769,30,61.07194886,3,,y769_30,FALSE
y769,35,63.43063221,3,,y769_35,FALSE
y769,40,64.25102761,4,,y769_40,FALSE
y769,45,68.59474498,4,,y769_45,FALSE
y793,0,45,0,,y793_0,FALSE
y793,5,41.01991315,0,,y793_5,FALSE
y793,10,41.63001026,1,,y793_10,FALSE
y793,15,42.28366512,1,,y793_15,FALSE
y793,20,40.71642815,2,,y793_20,FALSE
y793,25,38.9927339,2,,y793_25,FALSE
y793,30,35.72602314,2,,y793_30,FALSE
y793,35,36.3278696,2,,y793_35,FALSE
y793,40,31.47541076,2,,y793_40,FALSE
y793,45,31.8962384,2,,y793_45,FALSE
y865,0,45,0,,y865_0,FALSE
y865,5,46.73500592,1,,y865_5,FALSE
y865,10,49.52273955,1,,y865_10,FALSE
y865,15,50.80651856,1,,y865_15,FALSE
y865,20,52.36198241,1,,y865_20,FALSE
y865,25,57.17353846,2,,y865_25,FALSE
y865,30,59.0332753,3,,y865_30,FALSE
y865,35,61.15313991,3,,y865_35,FALSE
y865,40,63.46954946,3,,y865_40,FALSE
y865,45,64.72983655,3,,y865_45,FALSE
z234,0,45,0,,z234_0,FALSE
z234,5,46.12935706,1,,z234_5,FALSE
z314,0,45,0,,z314_0,FALSE
z314,5,45.93471217,0,,z314_5,FALSE
z435,0,45,0,,z435_0,FALSE
z435,5,47.11597963,0,,z435_5,FALSE
z435,10,48.71066147,0,,z435_10,FALSE
z578,0,45,0,,z578_0,FALSE
z578,5,42.18878662,0,,z578_5,FALSE
z578,10,42.95211843,0,,z578_10,FALSE
z578,15,38.68851607,0,,z578_15,FALSE
z578,20,36.89001635,0,,z578_20,FALSE
z578,25,37.41411419,0,,z578_25,FALSE
z578,30,37.81593487,0,,z578_30,FALSE
z578,35,38.50482444,0,,z578_35,FALSE
z578,40,34.02209336,0,,z578_40,FALSE
z578,45,30.63869575,0,,z578_45,FALSE
z581,0,45,0,,z581_0,FALSE
z581,5,49.27309187,1,,z581_5,FALSE
z581,10,50.47875016,2,,z581_10,FALSE
z581,15,51.1963042,2,,z581_15,FALSE
z581,20,51.80794416,2,,z581_20,FALSE
z581,25,54.31640682,2,,z581_25,FALSE
z581,30,56.28674991,2,,z581_30,FALSE
z581,35,58.62839878,3,,z581_35,FALSE
z581,40,60.05373963,3,,z581_40,FALSE
z581,45,62.75445141,3,,z581_45,FALSE
z795,0,45,0,,z795_0,FALSE
z795,5,46.83347493,0,,z795_5,FALSE
z795,10,48.0308039,0,,z795_10,FALSE
z795,15,49.36813189,1,,z795_15,FALSE
z795,20,53.28065717,1,,z795_20,FALSE
z795,25,57.94709984,2,,z795_25,FALSE
z795,30,59.7896359,2,,z795_30,FALSE
z795,35,60.43565416,2,,z795_35,FALSE
z795,40,62.37663884,3,,z795_40,FALSE
z795,45,65.74107029,3,,z795_45,FALSE
z969,0,45,0,,z969_0,FALSE
z969,5,49.33299873,0,,z969_5,FALSE
z969,10,52.65608148,1,,z969_10,FALSE
z969,15,54.71300452,2,,z969_15,FALSE
z969,20,57.89877823,2,,z969_20,FALSE
z969,25,63.14565213,2,,z969_25,FALSE
z969,30,65.84101274,3,,z969_30,FALSE
z969,35,69.17624607,4,,z969_35,FALSE
z969,40,70.31490411,4,,z969_40,FALSE
z969,45,73.86784476,4,,z969_45,FALSE
